surface_id	source_path	symbol	responsibility	implementation_language	runtime_reachable	stage0_reachable	stage1_reachable	stage2_reachable	stage3_reachable	current_authority	classification	evidence
SURF-01	src/lexer.c	lexNextChar	cursor advance; one byte forward; updates ptr/lineno/line_start_ptr	POLYC_VIA_INDIRECT	YES	YES	YES	YES	YES	src/lexer.c	HOST_TOOLING_ONLY	read by every token-kind scan path; defined in C
SURF-02	src/lexer.c	lexRewindChar	cursor rewind (decrements ptr)	POLYC_VIA_INDIRECT	YES	YES	YES	YES	YES	src/lexer.c	HOST_TOOLING_ONLY	unused at runtime per current call graph; defined in C
SURF-03	src/lexer.c	lexPeekMatch	cursor peek (look 1 byte ahead without advancing)	POLYC_VIA_INDIRECT	YES	YES	YES	YES	YES	src/lexer.c	HOST_TOOLING_ONLY	called by lexCore/lexString/lexIdentifier
SURF-04	src/lexer.c	lexPeek	cursor peek (look 1 byte ahead without advancing)	POLYC_VIA_INDIRECT	YES	YES	YES	YES	YES	src/lexer.c	HOST_TOOLING_ONLY	called by lexCore '.' path
SURF-05	src/lexer.c	lexIdentifier	identifier/keyword scanning	POLYC_VIA_INDIRECT	YES	YES	YES	YES	YES	tools/bootstrap/bootstrap02-ident.HC::BootstrapScanIdent	POLYC_SELFHOSTED	ACT-POLYC-BOOTSTRAP02 closed; B1; ABI 1
SURF-06	src/lexer.c	lexString	string-literal scanning with escapes and arena allocation	POLYC_VIA_INDIRECT	YES	YES	YES	YES	YES	src/lexer.c	NON_POLYC	calls lexerAllocateBuffer (arena); returns char*; R-J region in recon
SURF-07	src/lexer.c	lexCharConst	character-constant scanning	POLYC_VIA_INDIRECT	YES	YES	YES	YES	YES	tools/bootstrap/selfhost-lexer-scalar-literal.HC::BootstrapScanScalarLiteral	POLYC_SELFHOSTED	ACT-POLYC-SELFHOST-LEXER02 closed; ABI 3 subkind
SURF-08	src/lexer.c	lexNumeric	numeric-literal scanning (decimal/hex/float)	POLYC_VIA_INDIRECT	YES	YES	YES	YES	YES	tools/bootstrap/selfhost-lexer-scalar-literal.HC::BootstrapScanScalarLiteral	POLYC_SELFHOSTED	ACT-POLYC-SELFHOST-LEXER02 closed; ABI 3
SURF-09	src/lexer.c	countNumberLen	numeric-extent walker (number of bytes in numeric literal)	POLYC_VIA_INDIRECT	YES	YES	YES	YES	YES	tools/bootstrap/selfhost-lexer-scalar-literal.HC (inlined inside)	POLYC_SELFHOSTED	ACT-POLYC-SELFHOST-LEXER02 closed; consumed via BootstrapScanScalarLiteral
SURF-10	src/lexer.c	lexSkipCodeComment	// and /*..*/ comment skip (consumes bytes; updates lineno)	POLYC_VIA_INDIRECT	YES	YES	YES	YES	YES	src/lexer.c	NON_POLYC	R-G region in recon; 31 LOC; no allocation; cursor-only mutation
SURF-11	src/lexer.c	lexCore (whitespace cases)	inline dispatch for '\r' '\n' '\t' ' ' within lexCore switch	POLYC_VIA_INDIRECT	YES	YES	YES	YES	YES	src/lexer.c	NON_POLYC	R-I region in recon; 15 LOC; cursor+lineno+line_start_ptr mutation only
SURF-12	src/lexer.c	lexCore ('.'+digits + '..' cases)	inline dispatch for '.' followed by digit or '..'	POLYC_VIA_INDIRECT	YES	YES	YES	YES	YES	src/lexer.c	NON_POLYC	9 LOC; falls through to lexNumeric or lexClassifyOperator
SURF-13	src/lexer.c	lexCore ('#' dispatch)	preprocessor directive entry	POLYC_VIA_INDIRECT	YES	YES	YES	YES	YES	src/lexer.c	NON_POLYC	delegates to lexPreProcDirective; not bounded on its own
SURF-14	src/lexer.c	lexClassifyOperator	operator/punctuation recognition	POLYC_VIA_INDIRECT	YES	YES	YES	YES	YES	tools/bootstrap/selfhost-lexer-operator-classify.HC::BootstrapClassifyOperator	POLYC_SELFHOSTED	ACT-POLYC-SELFHOST-LEXER01 closed; ABI 2
SURF-15	src/lexer.c	lexCore (operator cases)	inline dispatch for the operator character range	POLYC_VIA_INDIRECT	YES	YES	YES	YES	YES	lexClassifyOperator (delegated)	POLYC_SELFHOSTED_WITH_LEGACY_FALLBACK	legacy C switch retained for stage0 only; no behavior delta
SURF-16	src/lexer.c	lexPreProcDirective	# directive name lookup (after '#' consume)	POLYC_VIA_INDIRECT	YES	YES	YES	YES	YES	src/lexer.c	NON_POLYC	23 LOC; uses symbol_table Map*; one-shot lexer call
SURF-17	src/lexer.c	lexInclude	#include file open	POLYC_VIA_INDIRECT	YES	YES	YES	YES	YES	src/lexer.c	NON_POLYC	48 LOC; orchestrates lex() calls; AoStr assembly
SURF-18	src/lexer.c	lexLink	#link library path / name	POLYC_VIA_INDIRECT	YES	YES	YES	YES	YES	src/lexer.c	NON_POLYC	47 LOC; orchestrates lex() calls; List/Map mutations
SURF-19	src/lexer.c	lexDefine	#define / macro body capture	POLYC_VIA_INDIRECT	YES	YES	YES	YES	YES	src/lexer.c	NON_POLYC	116 LOC; heavily stateful (Map* macro_defs mutation); preprocessor
SURF-20	src/lexer.c	lexUndef	#undef / map delete	POLYC_VIA_INDIRECT	YES	YES	YES	YES	YES	src/lexer.c	NON_POLYC	15 LOC; Map* removal
SURF-21	src/lexer.c	lexPreProcIf	#if / #ifdef / #ifndef / #endif / #else dispatcher	POLYC_VIA_INDIRECT	YES	YES	YES	YES	YES	src/lexer.c	NON_POLYC	136 LOC; recursion over Map* macro_defs; touches line accounting
SURF-22	src/lexer.c	lexPreProcBoolean	#if expression evaluation	POLYC_VIA_INDIRECT	YES	YES	YES	YES	YES	src/lexer.c	NON_POLYC	108 LOC; heavy recursion; uses lexToken; not a single bounded surface
SURF-23	src/lexer.c	lexToken	macro-expansion aware token pull	POLYC_VIA_INDIRECT	YES	YES	YES	YES	YES	src/lexer.c	NON_POLYC	105 LOC; preprocessor orchestration
SURF-24	src/lexer.c	lex	dispatcher entry: lexCore -> lexeme postprocess	POLYC_VIA_INDIRECT	YES	YES	YES	YES	YES	src/lexer.c	NON_POLYC	wrapper around lexCore; assigns tok_start_line/col
SURF-25	src/lexer.c	lexInit / lexRelease / lexPushFile / lexPushString	lexer lifetime / file push	POLYC_VIA_INDIRECT	YES	YES	YES	YES	YES	src/lexer.c	NON_POLYC	lifecycle management
SURF-26	src/lexer.c	lexemeNew / lexemeTokNew / lexemeCopy / lexemeAssignOp	lexeme allocation/construction	POLYC_VIA_INDIRECT	YES	YES	YES	YES	YES	src/lexer.c	NON_POLYC	allocator wrappers using lexeme_arena
SURF-27	src/lexer.c	lexemeMemoryInit/Release/Stats	lexeme arena lifecycle	POLYC_VIA_INDIRECT	YES	YES	YES	YES	YES	src/lexer.c	NON_POLYC	arena init/free
SURF-28	src/lexer.c	lexerAllocateBuffer / lexerReAllocBuffer	Arena-backed byte buffer alloc/realloc	POLYC_VIA_INDIRECT	YES	YES	YES	YES	YES	src/lexer.c	NON_POLYC	arena wrapper for lexString buffer
SURF-29	src/lexer.c	lexemeTypeToString / lexemePunctToString / lexemeToString / lexemeToAoStr / lexemePrint / lexemePunctToEncodedString / lexemePunctToStringWithFlags / lexerReportLine	diagnostic / pretty-print helpers	POLYC_VIA_INDIRECT	YES	YES	YES	YES	YES	src/lexer.c	NON_POLYC	used by parser.c, cctrl.c, repl.c; no token-kind production
SURF-30	src/lexer.c	tokenPunctIs / tokenIdentIs / lexemeEq / lexemeFree / lexReleaseLexFile / lexReleaseAllFiles / lexReadfile / lexSetBuiltinRoot / lexSetAsmFlags / lexUnSetAsmFlags	token compare / lexeme free / file release	POLYC_VIA_INDIRECT	YES	YES	YES	YES	YES	src/lexer.c	NON_POLYC	misc helpers
SURF-31	src/lexer.c	vecLexemeToString / vecLexemeRelease / lexemeVecNew	Vec<Lexeme> glue	POLYC_VIA_INDIRECT	YES	YES	YES	YES	YES	src/lexer.c	NON_POLYC	Vec helpers; not token production
SURF-32	src/lexer.c	mapLexerTypeToString	Map<LexerType> printer	POLYC_VIA_INDIRECT	YES	YES	YES	YES	YES	src/lexer.c	NON_POLYC	diagnostic only
