path	has_dollar_identifier	stage0_rc	stage1_rc	stage0_class	stage1_class	stage0_artifact	stage1_artifact	byte_equal	verdict	reason
src/holyc-lib/all.HC	0	0	0	PASS	PASS	/Volumes/UserData/Users/chistyakov/Projects/SPbNIX/polyc/build/b02-corpus-A/0_all.o	/Volumes/UserData/Users/chistyakov/Projects/SPbNIX/polyc/build/b02-corpus-B/0_all.o	YES	STAGE0_PASS_STAGE1_PASS	YES
src/holyc-lib/bitvec.HC	0	1	1	COMPILE_FAIL	COMPILE_FAIL			N/A	STAGE0_FAIL_STAGE1_FAIL	S0=NO_OUTPUT;S1=NO_OUTPUT
src/holyc-lib/builtins.HC	0	1	1	COMPILE_FAIL	COMPILE_FAIL			N/A	STAGE0_FAIL_STAGE1_FAIL	S0=NO_OUTPUT;S1=NO_OUTPUT
src/holyc-lib/coroutines.HC	0	1	1	COMPILE_FAIL	COMPILE_FAIL			N/A	STAGE0_FAIL_STAGE1_FAIL	S0=NO_OUTPUT;S1=NO_OUTPUT
src/holyc-lib/csv.HC	0	0	0	PASS	PASS	/Volumes/UserData/Users/chistyakov/Projects/SPbNIX/polyc/build/b02-corpus-A/4_csv.o	/Volumes/UserData/Users/chistyakov/Projects/SPbNIX/polyc/build/b02-corpus-B/4_csv.o	YES	STAGE0_PASS_STAGE1_PASS	YES
src/holyc-lib/date.HC	0	0	0	PASS	PASS	/Volumes/UserData/Users/chistyakov/Projects/SPbNIX/polyc/build/b02-corpus-A/5_date.o	/Volumes/UserData/Users/chistyakov/Projects/SPbNIX/polyc/build/b02-corpus-B/5_date.o	YES	STAGE0_PASS_STAGE1_PASS	YES
src/holyc-lib/dir.HC	1	0	0	PASS	PASS	/Volumes/UserData/Users/chistyakov/Projects/SPbNIX/polyc/build/b02-corpus-A/6_dir.o	/Volumes/UserData/Users/chistyakov/Projects/SPbNIX/polyc/build/b02-corpus-B/6_dir.o	YES	STAGE0_PASS_STAGE1_PASS	YES
src/holyc-lib/except.HC	0	0	0	PASS	PASS	/Volumes/UserData/Users/chistyakov/Projects/SPbNIX/polyc/build/b02-corpus-A/7_except.o	/Volumes/UserData/Users/chistyakov/Projects/SPbNIX/polyc/build/b02-corpus-B/7_except.o	YES	STAGE0_PASS_STAGE1_PASS	YES
src/holyc-lib/fzf.HC	0	0	0	PASS	PASS	/Volumes/UserData/Users/chistyakov/Projects/SPbNIX/polyc/build/b02-corpus-A/8_fzf.o	/Volumes/UserData/Users/chistyakov/Projects/SPbNIX/polyc/build/b02-corpus-B/8_fzf.o	YES	STAGE0_PASS_STAGE1_PASS	YES
src/holyc-lib/hashtable.HC	0	0	0	PASS	PASS	/Volumes/UserData/Users/chistyakov/Projects/SPbNIX/polyc/build/b02-corpus-A/9_hashtable.o	/Volumes/UserData/Users/chistyakov/Projects/SPbNIX/polyc/build/b02-corpus-B/9_hashtable.o	YES	STAGE0_PASS_STAGE1_PASS	YES
src/holyc-lib/io.HC	0	0	0	PASS	PASS	/Volumes/UserData/Users/chistyakov/Projects/SPbNIX/polyc/build/b02-corpus-A/10_io.o	/Volumes/UserData/Users/chistyakov/Projects/SPbNIX/polyc/build/b02-corpus-B/10_io.o	YES	STAGE0_PASS_STAGE1_PASS	YES
src/holyc-lib/json.HC	0	0	0	PASS	PASS	/Volumes/UserData/Users/chistyakov/Projects/SPbNIX/polyc/build/b02-corpus-A/11_json.o	/Volumes/UserData/Users/chistyakov/Projects/SPbNIX/polyc/build/b02-corpus-B/11_json.o	YES	STAGE0_PASS_STAGE1_PASS	YES
src/holyc-lib/list.HC	0	0	0	PASS	PASS	/Volumes/UserData/Users/chistyakov/Projects/SPbNIX/polyc/build/b02-corpus-A/12_list.o	/Volumes/UserData/Users/chistyakov/Projects/SPbNIX/polyc/build/b02-corpus-B/12_list.o	YES	STAGE0_PASS_STAGE1_PASS	YES
src/holyc-lib/math.HC	0	0	0	PASS	PASS	/Volumes/UserData/Users/chistyakov/Projects/SPbNIX/polyc/build/b02-corpus-A/13_math.o	/Volumes/UserData/Users/chistyakov/Projects/SPbNIX/polyc/build/b02-corpus-B/13_math.o	YES	STAGE0_PASS_STAGE1_PASS	YES
src/holyc-lib/memory.HC	0	0	0	PASS	PASS	/Volumes/UserData/Users/chistyakov/Projects/SPbNIX/polyc/build/b02-corpus-A/14_memory.o	/Volumes/UserData/Users/chistyakov/Projects/SPbNIX/polyc/build/b02-corpus-B/14_memory.o	YES	STAGE0_PASS_STAGE1_PASS	YES
src/holyc-lib/net.HC	0	0	0	PASS	PASS	/Volumes/UserData/Users/chistyakov/Projects/SPbNIX/polyc/build/b02-corpus-A/15_net.o	/Volumes/UserData/Users/chistyakov/Projects/SPbNIX/polyc/build/b02-corpus-B/15_net.o	YES	STAGE0_PASS_STAGE1_PASS	YES
src/holyc-lib/set.HC	0	0	0	PASS	PASS	/Volumes/UserData/Users/chistyakov/Projects/SPbNIX/polyc/build/b02-corpus-A/16_set.o	/Volumes/UserData/Users/chistyakov/Projects/SPbNIX/polyc/build/b02-corpus-B/16_set.o	YES	STAGE0_PASS_STAGE1_PASS	YES
src/holyc-lib/sqllite.HC	0	0	0	PASS	PASS	/Volumes/UserData/Users/chistyakov/Projects/SPbNIX/polyc/build/b02-corpus-A/17_sqllite.o	/Volumes/UserData/Users/chistyakov/Projects/SPbNIX/polyc/build/b02-corpus-B/17_sqllite.o	YES	STAGE0_PASS_STAGE1_PASS	YES
src/holyc-lib/stat.HC	0	0	0	PASS	PASS	/Volumes/UserData/Users/chistyakov/Projects/SPbNIX/polyc/build/b02-corpus-A/18_stat.o	/Volumes/UserData/Users/chistyakov/Projects/SPbNIX/polyc/build/b02-corpus-B/18_stat.o	YES	STAGE0_PASS_STAGE1_PASS	YES
src/holyc-lib/strings.HC	0	0	0	PASS	PASS	/Volumes/UserData/Users/chistyakov/Projects/SPbNIX/polyc/build/b02-corpus-A/19_strings.o	/Volumes/UserData/Users/chistyakov/Projects/SPbNIX/polyc/build/b02-corpus-B/19_strings.o	YES	STAGE0_PASS_STAGE1_PASS	YES
src/holyc-lib/system.HC	0	0	0	PASS	PASS	/Volumes/UserData/Users/chistyakov/Projects/SPbNIX/polyc/build/b02-corpus-A/20_system.o	/Volumes/UserData/Users/chistyakov/Projects/SPbNIX/polyc/build/b02-corpus-B/20_system.o	YES	STAGE0_PASS_STAGE1_PASS	YES
src/holyc-lib/threads.HC	0	0	0	PASS	PASS	/Volumes/UserData/Users/chistyakov/Projects/SPbNIX/polyc/build/b02-corpus-A/21_threads.o	/Volumes/UserData/Users/chistyakov/Projects/SPbNIX/polyc/build/b02-corpus-B/21_threads.o	YES	STAGE0_PASS_STAGE1_PASS	YES
src/holyc-lib/tooling.HC	0	0	0	PASS	PASS	/Volumes/UserData/Users/chistyakov/Projects/SPbNIX/polyc/build/b02-corpus-A/22_tooling.o	/Volumes/UserData/Users/chistyakov/Projects/SPbNIX/polyc/build/b02-corpus-B/22_tooling.o	YES	STAGE0_PASS_STAGE1_PASS	YES
src/holyc-lib/vector.HC	0	0	0	PASS	PASS	/Volumes/UserData/Users/chistyakov/Projects/SPbNIX/polyc/build/b02-corpus-A/23_vector.o	/Volumes/UserData/Users/chistyakov/Projects/SPbNIX/polyc/build/b02-corpus-B/23_vector.o	YES	STAGE0_PASS_STAGE1_PASS	YES
src/tests/01_pointer_simple.HC	0	0	0	PASS	PASS	/Volumes/UserData/Users/chistyakov/Projects/SPbNIX/polyc/build/b02-corpus-A/24_01_pointer_simple.o	/Volumes/UserData/Users/chistyakov/Projects/SPbNIX/polyc/build/b02-corpus-B/24_01_pointer_simple.o	YES	STAGE0_PASS_STAGE1_PASS	YES
src/tests/02_pointer_simple.HC	0	0	0	PASS	PASS	/Volumes/UserData/Users/chistyakov/Projects/SPbNIX/polyc/build/b02-corpus-A/25_02_pointer_simple.o	/Volumes/UserData/Users/chistyakov/Projects/SPbNIX/polyc/build/b02-corpus-B/25_02_pointer_simple.o	YES	STAGE0_PASS_STAGE1_PASS	YES
src/tests/03_malloc_array.HC	0	0	0	PASS	PASS	/Volumes/UserData/Users/chistyakov/Projects/SPbNIX/polyc/build/b02-corpus-A/26_03_malloc_array.o	/Volumes/UserData/Users/chistyakov/Projects/SPbNIX/polyc/build/b02-corpus-B/26_03_malloc_array.o	YES	STAGE0_PASS_STAGE1_PASS	YES
src/tests/04_ptr_ptr.HC	0	0	0	PASS	PASS	/Volumes/UserData/Users/chistyakov/Projects/SPbNIX/polyc/build/b02-corpus-A/27_04_ptr_ptr.o	/Volumes/UserData/Users/chistyakov/Projects/SPbNIX/polyc/build/b02-corpus-B/27_04_ptr_ptr.o	YES	STAGE0_PASS_STAGE1_PASS	YES
src/tests/05_int_ptr.HC	0	0	0	PASS	PASS	/Volumes/UserData/Users/chistyakov/Projects/SPbNIX/polyc/build/b02-corpus-A/28_05_int_ptr.o	/Volumes/UserData/Users/chistyakov/Projects/SPbNIX/polyc/build/b02-corpus-B/28_05_int_ptr.o	YES	STAGE0_PASS_STAGE1_PASS	YES
src/tests/06_class_defs.HC	0	0	0	PASS	PASS	/Volumes/UserData/Users/chistyakov/Projects/SPbNIX/polyc/build/b02-corpus-A/29_06_class_defs.o	/Volumes/UserData/Users/chistyakov/Projects/SPbNIX/polyc/build/b02-corpus-B/29_06_class_defs.o	YES	STAGE0_PASS_STAGE1_PASS	YES
src/tests/07_recursive_classdef.HC	0	0	0	PASS	PASS	/Volumes/UserData/Users/chistyakov/Projects/SPbNIX/polyc/build/b02-corpus-A/30_07_recursive_classdef.o	/Volumes/UserData/Users/chistyakov/Projects/SPbNIX/polyc/build/b02-corpus-B/30_07_recursive_classdef.o	YES	STAGE0_PASS_STAGE1_PASS	YES
src/tests/08_break_continue.HC	0	0	0	PASS	PASS	/Volumes/UserData/Users/chistyakov/Projects/SPbNIX/polyc/build/b02-corpus-A/31_08_break_continue.o	/Volumes/UserData/Users/chistyakov/Projects/SPbNIX/polyc/build/b02-corpus-B/31_08_break_continue.o	YES	STAGE0_PASS_STAGE1_PASS	YES
src/tests/09_default_function_parameters.HC	0	0	0	PASS	PASS	/Volumes/UserData/Users/chistyakov/Projects/SPbNIX/polyc/build/b02-corpus-A/32_09_default_function_parameters.o	/Volumes/UserData/Users/chistyakov/Projects/SPbNIX/polyc/build/b02-corpus-B/32_09_default_function_parameters.o	YES	STAGE0_PASS_STAGE1_PASS	YES
src/tests/10_qsort.HC	0	0	0	PASS	PASS	/Volumes/UserData/Users/chistyakov/Projects/SPbNIX/polyc/build/b02-corpus-A/33_10_qsort.o	/Volumes/UserData/Users/chistyakov/Projects/SPbNIX/polyc/build/b02-corpus-B/33_10_qsort.o	YES	STAGE0_PASS_STAGE1_PASS	YES
src/tests/11_assignment.HC	0	0	0	PASS	PASS	/Volumes/UserData/Users/chistyakov/Projects/SPbNIX/polyc/build/b02-corpus-A/34_11_assignment.o	/Volumes/UserData/Users/chistyakov/Projects/SPbNIX/polyc/build/b02-corpus-B/34_11_assignment.o	YES	STAGE0_PASS_STAGE1_PASS	YES
src/tests/12_function_pointer.HC	0	0	0	PASS	PASS	/Volumes/UserData/Users/chistyakov/Projects/SPbNIX/polyc/build/b02-corpus-A/35_12_function_pointer.o	/Volumes/UserData/Users/chistyakov/Projects/SPbNIX/polyc/build/b02-corpus-B/35_12_function_pointer.o	YES	STAGE0_PASS_STAGE1_PASS	YES
src/tests/13_threads.HC	0	0	0	PASS	PASS	/Volumes/UserData/Users/chistyakov/Projects/SPbNIX/polyc/build/b02-corpus-A/36_13_threads.o	/Volumes/UserData/Users/chistyakov/Projects/SPbNIX/polyc/build/b02-corpus-B/36_13_threads.o	YES	STAGE0_PASS_STAGE1_PASS	YES
src/tests/14_maths.HC	0	0	0	PASS	PASS	/Volumes/UserData/Users/chistyakov/Projects/SPbNIX/polyc/build/b02-corpus-A/37_14_maths.o	/Volumes/UserData/Users/chistyakov/Projects/SPbNIX/polyc/build/b02-corpus-B/37_14_maths.o	YES	STAGE0_PASS_STAGE1_PASS	YES
src/tests/15_mem.HC	0	0	0	PASS	PASS	/Volumes/UserData/Users/chistyakov/Projects/SPbNIX/polyc/build/b02-corpus-A/38_15_mem.o	/Volumes/UserData/Users/chistyakov/Projects/SPbNIX/polyc/build/b02-corpus-B/38_15_mem.o	YES	STAGE0_PASS_STAGE1_PASS	YES
src/tests/16_types.HC	0	0	0	PASS	PASS	/Volumes/UserData/Users/chistyakov/Projects/SPbNIX/polyc/build/b02-corpus-A/39_16_types.o	/Volumes/UserData/Users/chistyakov/Projects/SPbNIX/polyc/build/b02-corpus-B/39_16_types.o	YES	STAGE0_PASS_STAGE1_PASS	YES
src/tests/17_varargs.HC	0	0	0	PASS	PASS	/Volumes/UserData/Users/chistyakov/Projects/SPbNIX/polyc/build/b02-corpus-A/40_17_varargs.o	/Volumes/UserData/Users/chistyakov/Projects/SPbNIX/polyc/build/b02-corpus-B/40_17_varargs.o	YES	STAGE0_PASS_STAGE1_PASS	YES
src/tests/18_type_casting.HC	0	0	0	PASS	PASS	/Volumes/UserData/Users/chistyakov/Projects/SPbNIX/polyc/build/b02-corpus-A/41_18_type_casting.o	/Volumes/UserData/Users/chistyakov/Projects/SPbNIX/polyc/build/b02-corpus-B/41_18_type_casting.o	YES	STAGE0_PASS_STAGE1_PASS	YES
src/tests/19_switch.HC	0	0	0	PASS	PASS	/Volumes/UserData/Users/chistyakov/Projects/SPbNIX/polyc/build/b02-corpus-A/42_19_switch.o	/Volumes/UserData/Users/chistyakov/Projects/SPbNIX/polyc/build/b02-corpus-B/42_19_switch.o	YES	STAGE0_PASS_STAGE1_PASS	YES
src/tests/20_loops.HC	0	0	0	PASS	PASS	/Volumes/UserData/Users/chistyakov/Projects/SPbNIX/polyc/build/b02-corpus-A/43_20_loops.o	/Volumes/UserData/Users/chistyakov/Projects/SPbNIX/polyc/build/b02-corpus-B/43_20_loops.o	YES	STAGE0_PASS_STAGE1_PASS	YES
src/tests/21_goto.HC	0	0	0	PASS	PASS	/Volumes/UserData/Users/chistyakov/Projects/SPbNIX/polyc/build/b02-corpus-A/44_21_goto.o	/Volumes/UserData/Users/chistyakov/Projects/SPbNIX/polyc/build/b02-corpus-B/44_21_goto.o	YES	STAGE0_PASS_STAGE1_PASS	YES
src/tests/22_pointers.HC	0	0	0	PASS	PASS	/Volumes/UserData/Users/chistyakov/Projects/SPbNIX/polyc/build/b02-corpus-A/45_22_pointers.o	/Volumes/UserData/Users/chistyakov/Projects/SPbNIX/polyc/build/b02-corpus-B/45_22_pointers.o	YES	STAGE0_PASS_STAGE1_PASS	YES
src/tests/23_mallocd-arrays.HC	0	0	0	PASS	PASS	/Volumes/UserData/Users/chistyakov/Projects/SPbNIX/polyc/build/b02-corpus-A/46_23_mallocd-arrays.o	/Volumes/UserData/Users/chistyakov/Projects/SPbNIX/polyc/build/b02-corpus-B/46_23_mallocd-arrays.o	YES	STAGE0_PASS_STAGE1_PASS	YES
src/tests/24_union.HC	0	0	0	PASS	PASS	/Volumes/UserData/Users/chistyakov/Projects/SPbNIX/polyc/build/b02-corpus-A/47_24_union.o	/Volumes/UserData/Users/chistyakov/Projects/SPbNIX/polyc/build/b02-corpus-B/47_24_union.o	YES	STAGE0_PASS_STAGE1_PASS	YES
src/tests/25_scripting.HC	0	0	0	PASS	PASS	/Volumes/UserData/Users/chistyakov/Projects/SPbNIX/polyc/build/b02-corpus-A/48_25_scripting.o	/Volumes/UserData/Users/chistyakov/Projects/SPbNIX/polyc/build/b02-corpus-B/48_25_scripting.o	YES	STAGE0_PASS_STAGE1_PASS	YES
src/tests/26_f64.HC	0	0	0	PASS	PASS	/Volumes/UserData/Users/chistyakov/Projects/SPbNIX/polyc/build/b02-corpus-A/49_26_f64.o	/Volumes/UserData/Users/chistyakov/Projects/SPbNIX/polyc/build/b02-corpus-B/49_26_f64.o	YES	STAGE0_PASS_STAGE1_PASS	YES
src/tests/27_auto.HC	0	0	0	PASS	PASS	/Volumes/UserData/Users/chistyakov/Projects/SPbNIX/polyc/build/b02-corpus-A/50_27_auto.o	/Volumes/UserData/Users/chistyakov/Projects/SPbNIX/polyc/build/b02-corpus-B/50_27_auto.o	YES	STAGE0_PASS_STAGE1_PASS	YES
src/tests/28_arrays.HC	0	0	0	PASS	PASS	/Volumes/UserData/Users/chistyakov/Projects/SPbNIX/polyc/build/b02-corpus-A/51_28_arrays.o	/Volumes/UserData/Users/chistyakov/Projects/SPbNIX/polyc/build/b02-corpus-B/51_28_arrays.o	YES	STAGE0_PASS_STAGE1_PASS	YES
src/tests/29_macros.HC	0	0	0	PASS	PASS	/Volumes/UserData/Users/chistyakov/Projects/SPbNIX/polyc/build/b02-corpus-A/52_29_macros.o	/Volumes/UserData/Users/chistyakov/Projects/SPbNIX/polyc/build/b02-corpus-B/52_29_macros.o	YES	STAGE0_PASS_STAGE1_PASS	YES
src/tests/30_fzf.HC	1	0	0	PASS	PASS	/Volumes/UserData/Users/chistyakov/Projects/SPbNIX/polyc/build/b02-corpus-A/53_30_fzf.o	/Volumes/UserData/Users/chistyakov/Projects/SPbNIX/polyc/build/b02-corpus-B/53_30_fzf.o	YES	STAGE0_PASS_STAGE1_PASS	YES
src/tests/31_json.HC	0	0	0	PASS	PASS	/Volumes/UserData/Users/chistyakov/Projects/SPbNIX/polyc/build/b02-corpus-A/54_31_json.o	/Volumes/UserData/Users/chistyakov/Projects/SPbNIX/polyc/build/b02-corpus-B/54_31_json.o	YES	STAGE0_PASS_STAGE1_PASS	YES
src/tests/32_sql.HC	0	1	1	COMPILE_FAIL	COMPILE_FAIL			N/A	STAGE0_FAIL_STAGE1_FAIL	S0=NO_OUTPUT;S1=NO_OUTPUT
src/tests/33_static.HC	0	0	0	PASS	PASS	/Volumes/UserData/Users/chistyakov/Projects/SPbNIX/polyc/build/b02-corpus-A/56_33_static.o	/Volumes/UserData/Users/chistyakov/Projects/SPbNIX/polyc/build/b02-corpus-B/56_33_static.o	YES	STAGE0_PASS_STAGE1_PASS	YES
src/tests/34_global_array.HC	0	0	0	PASS	PASS	/Volumes/UserData/Users/chistyakov/Projects/SPbNIX/polyc/build/b02-corpus-A/57_34_global_array.o	/Volumes/UserData/Users/chistyakov/Projects/SPbNIX/polyc/build/b02-corpus-B/57_34_global_array.o	YES	STAGE0_PASS_STAGE1_PASS	YES
src/tests/35_io.HC	0	0	0	PASS	PASS	/Volumes/UserData/Users/chistyakov/Projects/SPbNIX/polyc/build/b02-corpus-A/58_35_io.o	/Volumes/UserData/Users/chistyakov/Projects/SPbNIX/polyc/build/b02-corpus-B/58_35_io.o	YES	STAGE0_PASS_STAGE1_PASS	YES
src/tests/36_range_loop.HC	0	0	0	PASS	PASS	/Volumes/UserData/Users/chistyakov/Projects/SPbNIX/polyc/build/b02-corpus-A/59_36_range_loop.o	/Volumes/UserData/Users/chistyakov/Projects/SPbNIX/polyc/build/b02-corpus-B/59_36_range_loop.o	YES	STAGE0_PASS_STAGE1_PASS	YES
src/tests/38_sizeof.HC	0	0	0	PASS	PASS	/Volumes/UserData/Users/chistyakov/Projects/SPbNIX/polyc/build/b02-corpus-A/60_38_sizeof.o	/Volumes/UserData/Users/chistyakov/Projects/SPbNIX/polyc/build/b02-corpus-B/60_38_sizeof.o	YES	STAGE0_PASS_STAGE1_PASS	YES
src/tests/39_arg_count.HC	0	0	0	PASS	PASS	/Volumes/UserData/Users/chistyakov/Projects/SPbNIX/polyc/build/b02-corpus-A/61_39_arg_count.o	/Volumes/UserData/Users/chistyakov/Projects/SPbNIX/polyc/build/b02-corpus-B/61_39_arg_count.o	YES	STAGE0_PASS_STAGE1_PASS	YES
src/tests/39_try_catch.HC	0	0	0	PASS	PASS	/Volumes/UserData/Users/chistyakov/Projects/SPbNIX/polyc/build/b02-corpus-A/62_39_try_catch.o	/Volumes/UserData/Users/chistyakov/Projects/SPbNIX/polyc/build/b02-corpus-B/62_39_try_catch.o	YES	STAGE0_PASS_STAGE1_PASS	YES
src/tests/40_class_self_ref.HC	0	0	0	PASS	PASS	/Volumes/UserData/Users/chistyakov/Projects/SPbNIX/polyc/build/b02-corpus-A/63_40_class_self_ref.o	/Volumes/UserData/Users/chistyakov/Projects/SPbNIX/polyc/build/b02-corpus-B/63_40_class_self_ref.o	YES	STAGE0_PASS_STAGE1_PASS	YES
src/tests/41_pointer_compare.HC	0	0	0	PASS	PASS	/Volumes/UserData/Users/chistyakov/Projects/SPbNIX/polyc/build/b02-corpus-A/64_41_pointer_compare.o	/Volumes/UserData/Users/chistyakov/Projects/SPbNIX/polyc/build/b02-corpus-B/64_41_pointer_compare.o	YES	STAGE0_PASS_STAGE1_PASS	YES
src/tests/42_class_u0_tail.HC	0	0	0	PASS	PASS	/Volumes/UserData/Users/chistyakov/Projects/SPbNIX/polyc/build/b02-corpus-A/65_42_class_u0_tail.o	/Volumes/UserData/Users/chistyakov/Projects/SPbNIX/polyc/build/b02-corpus-B/65_42_class_u0_tail.o	YES	STAGE0_PASS_STAGE1_PASS	YES
src/tests/43_compress_templeos.HC	0	0	0	PASS	PASS	/Volumes/UserData/Users/chistyakov/Projects/SPbNIX/polyc/build/b02-corpus-A/66_43_compress_templeos.o	/Volumes/UserData/Users/chistyakov/Projects/SPbNIX/polyc/build/b02-corpus-B/66_43_compress_templeos.o	YES	STAGE0_PASS_STAGE1_PASS	YES
src/tests/44_f32.HC	0	0	0	PASS	PASS	/Volumes/UserData/Users/chistyakov/Projects/SPbNIX/polyc/build/b02-corpus-A/67_44_f32.o	/Volumes/UserData/Users/chistyakov/Projects/SPbNIX/polyc/build/b02-corpus-B/67_44_f32.o	YES	STAGE0_PASS_STAGE1_PASS	YES
src/tests/45_globals.HC	0	0	0	PASS	PASS	/Volumes/UserData/Users/chistyakov/Projects/SPbNIX/polyc/build/b02-corpus-A/68_45_globals.o	/Volumes/UserData/Users/chistyakov/Projects/SPbNIX/polyc/build/b02-corpus-B/68_45_globals.o	YES	STAGE0_PASS_STAGE1_PASS	YES
src/tests/46_alignof.HC	0	0	0	PASS	PASS	/Volumes/UserData/Users/chistyakov/Projects/SPbNIX/polyc/build/b02-corpus-A/69_46_alignof.o	/Volumes/UserData/Users/chistyakov/Projects/SPbNIX/polyc/build/b02-corpus-B/69_46_alignof.o	YES	STAGE0_PASS_STAGE1_PASS	YES
src/tests/47_struct_abi.HC	0	0	0	PASS	PASS	/Volumes/UserData/Users/chistyakov/Projects/SPbNIX/polyc/build/b02-corpus-A/70_47_struct_abi.o	/Volumes/UserData/Users/chistyakov/Projects/SPbNIX/polyc/build/b02-corpus-B/70_47_struct_abi.o	YES	STAGE0_PASS_STAGE1_PASS	YES
src/tests/48_arg_overflow.HC	0	0	0	PASS	PASS	/Volumes/UserData/Users/chistyakov/Projects/SPbNIX/polyc/build/b02-corpus-A/71_48_arg_overflow.o	/Volumes/UserData/Users/chistyakov/Projects/SPbNIX/polyc/build/b02-corpus-B/71_48_arg_overflow.o	YES	STAGE0_PASS_STAGE1_PASS	YES
src/tests/49_if_init.HC	0	0	0	PASS	PASS	/Volumes/UserData/Users/chistyakov/Projects/SPbNIX/polyc/build/b02-corpus-A/72_49_if_init.o	/Volumes/UserData/Users/chistyakov/Projects/SPbNIX/polyc/build/b02-corpus-B/72_49_if_init.o	YES	STAGE0_PASS_STAGE1_PASS	YES
src/tests/50_float_int_conv.HC	0	0	0	PASS	PASS	/Volumes/UserData/Users/chistyakov/Projects/SPbNIX/polyc/build/b02-corpus-A/73_50_float_int_conv.o	/Volumes/UserData/Users/chistyakov/Projects/SPbNIX/polyc/build/b02-corpus-B/73_50_float_int_conv.o	YES	STAGE0_PASS_STAGE1_PASS	YES
src/tests/51_global_aggregate_init.HC	0	0	0	PASS	PASS	/Volumes/UserData/Users/chistyakov/Projects/SPbNIX/polyc/build/b02-corpus-A/74_51_global_aggregate_init.o	/Volumes/UserData/Users/chistyakov/Projects/SPbNIX/polyc/build/b02-corpus-B/74_51_global_aggregate_init.o	YES	STAGE0_PASS_STAGE1_PASS	YES
src/tests/52_narrow_signed_reads.HC	0	0	0	PASS	PASS	/Volumes/UserData/Users/chistyakov/Projects/SPbNIX/polyc/build/b02-corpus-A/75_52_narrow_signed_reads.o	/Volumes/UserData/Users/chistyakov/Projects/SPbNIX/polyc/build/b02-corpus-B/75_52_narrow_signed_reads.o	YES	STAGE0_PASS_STAGE1_PASS	YES
src/tests/53_cmp_large_imm.HC	0	0	0	PASS	PASS	/Volumes/UserData/Users/chistyakov/Projects/SPbNIX/polyc/build/b02-corpus-A/76_53_cmp_large_imm.o	/Volumes/UserData/Users/chistyakov/Projects/SPbNIX/polyc/build/b02-corpus-B/76_53_cmp_large_imm.o	YES	STAGE0_PASS_STAGE1_PASS	YES
src/tests/54_struct_copy.HC	0	0	0	PASS	PASS	/Volumes/UserData/Users/chistyakov/Projects/SPbNIX/polyc/build/b02-corpus-A/77_54_struct_copy.o	/Volumes/UserData/Users/chistyakov/Projects/SPbNIX/polyc/build/b02-corpus-B/77_54_struct_copy.o	YES	STAGE0_PASS_STAGE1_PASS	YES
src/tests/55_uppercase_l_globals.HC	0	0	0	PASS	PASS	/Volumes/UserData/Users/chistyakov/Projects/SPbNIX/polyc/build/b02-corpus-A/78_55_uppercase_l_globals.o	/Volumes/UserData/Users/chistyakov/Projects/SPbNIX/polyc/build/b02-corpus-B/78_55_uppercase_l_globals.o	YES	STAGE0_PASS_STAGE1_PASS	YES
src/tests/56_global_struct_arg.HC	0	0	0	PASS	PASS	/Volumes/UserData/Users/chistyakov/Projects/SPbNIX/polyc/build/b02-corpus-A/79_56_global_struct_arg.o	/Volumes/UserData/Users/chistyakov/Projects/SPbNIX/polyc/build/b02-corpus-B/79_56_global_struct_arg.o	YES	STAGE0_PASS_STAGE1_PASS	YES
src/tests/57_struct_field_by_value.HC	0	0	0	PASS	PASS	/Volumes/UserData/Users/chistyakov/Projects/SPbNIX/polyc/build/b02-corpus-A/80_57_struct_field_by_value.o	/Volumes/UserData/Users/chistyakov/Projects/SPbNIX/polyc/build/b02-corpus-B/80_57_struct_field_by_value.o	YES	STAGE0_PASS_STAGE1_PASS	YES
src/tests/58_struct_return.HC	0	0	0	PASS	PASS	/Volumes/UserData/Users/chistyakov/Projects/SPbNIX/polyc/build/b02-corpus-A/81_58_struct_return.o	/Volumes/UserData/Users/chistyakov/Projects/SPbNIX/polyc/build/b02-corpus-B/81_58_struct_return.o	YES	STAGE0_PASS_STAGE1_PASS	YES
src/tests/59_ptr_struct_index.HC	0	0	0	PASS	PASS	/Volumes/UserData/Users/chistyakov/Projects/SPbNIX/polyc/build/b02-corpus-A/82_59_ptr_struct_index.o	/Volumes/UserData/Users/chistyakov/Projects/SPbNIX/polyc/build/b02-corpus-B/82_59_ptr_struct_index.o	YES	STAGE0_PASS_STAGE1_PASS	YES
src/tests/60_leaf_param_arith.HC	0	0	0	PASS	PASS	/Volumes/UserData/Users/chistyakov/Projects/SPbNIX/polyc/build/b02-corpus-A/83_60_leaf_param_arith.o	/Volumes/UserData/Users/chistyakov/Projects/SPbNIX/polyc/build/b02-corpus-B/83_60_leaf_param_arith.o	YES	STAGE0_PASS_STAGE1_PASS	YES
src/tests/60_link.HC	0	0	0	PASS	PASS	/Volumes/UserData/Users/chistyakov/Projects/SPbNIX/polyc/build/b02-corpus-A/84_60_link.o	/Volumes/UserData/Users/chistyakov/Projects/SPbNIX/polyc/build/b02-corpus-B/84_60_link.o	YES	STAGE0_PASS_STAGE1_PASS	YES
src/tests/61_ifjit_ifaot.HC	0	0	0	PASS	PASS	/Volumes/UserData/Users/chistyakov/Projects/SPbNIX/polyc/build/b02-corpus-A/85_61_ifjit_ifaot.o	/Volumes/UserData/Users/chistyakov/Projects/SPbNIX/polyc/build/b02-corpus-B/85_61_ifjit_ifaot.o	YES	STAGE0_PASS_STAGE1_PASS	YES
src/tests/62_typeof.HC	0	0	0	PASS	PASS	/Volumes/UserData/Users/chistyakov/Projects/SPbNIX/polyc/build/b02-corpus-A/86_62_typeof.o	/Volumes/UserData/Users/chistyakov/Projects/SPbNIX/polyc/build/b02-corpus-B/86_62_typeof.o	YES	STAGE0_PASS_STAGE1_PASS	YES
src/tests/63_big_stack_frames.HC	0	0	0	PASS	PASS	/Volumes/UserData/Users/chistyakov/Projects/SPbNIX/polyc/build/b02-corpus-A/87_63_big_stack_frames.o	/Volumes/UserData/Users/chistyakov/Projects/SPbNIX/polyc/build/b02-corpus-B/87_63_big_stack_frames.o	YES	STAGE0_PASS_STAGE1_PASS	YES
src/tests/64_sret_x8.HC	0	0	0	PASS	PASS	/Volumes/UserData/Users/chistyakov/Projects/SPbNIX/polyc/build/b02-corpus-A/88_64_sret_x8.o	/Volumes/UserData/Users/chistyakov/Projects/SPbNIX/polyc/build/b02-corpus-B/88_64_sret_x8.o	YES	STAGE0_PASS_STAGE1_PASS	YES
src/tests/65_class_inheritance.HC	0	0	0	PASS	PASS	/Volumes/UserData/Users/chistyakov/Projects/SPbNIX/polyc/build/b02-corpus-A/89_65_class_inheritance.o	/Volumes/UserData/Users/chistyakov/Projects/SPbNIX/polyc/build/b02-corpus-B/89_65_class_inheritance.o	YES	STAGE0_PASS_STAGE1_PASS	YES
src/tests/conditions.HC	0	0	0	PASS	PASS	/Volumes/UserData/Users/chistyakov/Projects/SPbNIX/polyc/build/b02-corpus-A/90_conditions.o	/Volumes/UserData/Users/chistyakov/Projects/SPbNIX/polyc/build/b02-corpus-B/90_conditions.o	YES	STAGE0_PASS_STAGE1_PASS	YES
src/tests/ir-boundary03-correction02/runtime-correctness-i8u8-bypass.HC	0	0	0	PASS	PASS	/Volumes/UserData/Users/chistyakov/Projects/SPbNIX/polyc/build/b02-corpus-A/91_runtime-correctness-i8u8-bypass.o	/Volumes/UserData/Users/chistyakov/Projects/SPbNIX/polyc/build/b02-corpus-B/91_runtime-correctness-i8u8-bypass.o	YES	STAGE0_PASS_STAGE1_PASS	YES
src/tests/ir-boundary03-correction02/runtime-correctness-u8.HC	0	0	0	PASS	PASS	/Volumes/UserData/Users/chistyakov/Projects/SPbNIX/polyc/build/b02-corpus-A/92_runtime-correctness-u8.o	/Volumes/UserData/Users/chistyakov/Projects/SPbNIX/polyc/build/b02-corpus-B/92_runtime-correctness-u8.o	YES	STAGE0_PASS_STAGE1_PASS	YES
src/tests/ir-boundary03-correction02/w1_u8_literal_2.HC	0	0	0	PASS	PASS	/Volumes/UserData/Users/chistyakov/Projects/SPbNIX/polyc/build/b02-corpus-A/93_w1_u8_literal_2.o	/Volumes/UserData/Users/chistyakov/Projects/SPbNIX/polyc/build/b02-corpus-B/93_w1_u8_literal_2.o	YES	STAGE0_PASS_STAGE1_PASS	YES
src/tests/ir-boundary03-correction02/w2_u8_id.HC	0	0	0	PASS	PASS	/Volumes/UserData/Users/chistyakov/Projects/SPbNIX/polyc/build/b02-corpus-A/94_w2_u8_id.o	/Volumes/UserData/Users/chistyakov/Projects/SPbNIX/polyc/build/b02-corpus-B/94_w2_u8_id.o	YES	STAGE0_PASS_STAGE1_PASS	YES
src/tests/ir-boundary03-correction02/w3_u8_eq_2.HC	0	0	0	PASS	PASS	/Volumes/UserData/Users/chistyakov/Projects/SPbNIX/polyc/build/b02-corpus-A/95_w3_u8_eq_2.o	/Volumes/UserData/Users/chistyakov/Projects/SPbNIX/polyc/build/b02-corpus-B/95_w3_u8_eq_2.o	YES	STAGE0_PASS_STAGE1_PASS	YES
src/tests/ir-boundary03-correction02/w4_u8_passthrough.HC	0	0	0	PASS	PASS	/Volumes/UserData/Users/chistyakov/Projects/SPbNIX/polyc/build/b02-corpus-A/96_w4_u8_passthrough.o	/Volumes/UserData/Users/chistyakov/Projects/SPbNIX/polyc/build/b02-corpus-B/96_w4_u8_passthrough.o	YES	STAGE0_PASS_STAGE1_PASS	YES
src/tests/ir-boundary03-correction02/w5_i8_id.HC	0	0	0	PASS	PASS	/Volumes/UserData/Users/chistyakov/Projects/SPbNIX/polyc/build/b02-corpus-A/97_w5_i8_id.o	/Volumes/UserData/Users/chistyakov/Projects/SPbNIX/polyc/build/b02-corpus-B/97_w5_i8_id.o	YES	STAGE0_PASS_STAGE1_PASS	YES
src/tests/ir-boundary03-correction02/w6_other_widths.HC	0	0	0	PASS	PASS	/Volumes/UserData/Users/chistyakov/Projects/SPbNIX/polyc/build/b02-corpus-A/98_w6_other_widths.o	/Volumes/UserData/Users/chistyakov/Projects/SPbNIX/polyc/build/b02-corpus-B/98_w6_other_widths.o	YES	STAGE0_PASS_STAGE1_PASS	YES
src/tests/ir-boundary03-correction02/w_i8_id_direct.HC	0	0	0	PASS	PASS	/Volumes/UserData/Users/chistyakov/Projects/SPbNIX/polyc/build/b02-corpus-A/99_w_i8_id_direct.o	/Volumes/UserData/Users/chistyakov/Projects/SPbNIX/polyc/build/b02-corpus-B/99_w_i8_id_direct.o	YES	STAGE0_PASS_STAGE1_PASS	YES
src/tests/ir-boundary03-correction02/w_u8_arith.HC	0	0	0	PASS	PASS	/Volumes/UserData/Users/chistyakov/Projects/SPbNIX/polyc/build/b02-corpus-A/100_w_u8_arith.o	/Volumes/UserData/Users/chistyakov/Projects/SPbNIX/polyc/build/b02-corpus-B/100_w_u8_arith.o	YES	STAGE0_PASS_STAGE1_PASS	YES
src/tests/ir-boundary03-correction02/w_u8_local.HC	0	0	0	PASS	PASS	/Volumes/UserData/Users/chistyakov/Projects/SPbNIX/polyc/build/b02-corpus-A/101_w_u8_local.o	/Volumes/UserData/Users/chistyakov/Projects/SPbNIX/polyc/build/b02-corpus-B/101_w_u8_local.o	YES	STAGE0_PASS_STAGE1_PASS	YES
src/tests/ir-boundary03-correction02/w_u8_sub.HC	0	0	0	PASS	PASS	/Volumes/UserData/Users/chistyakov/Projects/SPbNIX/polyc/build/b02-corpus-A/102_w_u8_sub.o	/Volumes/UserData/Users/chistyakov/Projects/SPbNIX/polyc/build/b02-corpus-B/102_w_u8_sub.o	YES	STAGE0_PASS_STAGE1_PASS	YES
src/tests/ir-boundary03/truthiness_literals.HC	0	0	0	PASS	PASS	/Volumes/UserData/Users/chistyakov/Projects/SPbNIX/polyc/build/b02-corpus-A/103_truthiness_literals.o	/Volumes/UserData/Users/chistyakov/Projects/SPbNIX/polyc/build/b02-corpus-B/103_truthiness_literals.o	YES	STAGE0_PASS_STAGE1_PASS	YES
src/tests/ir-boundary03/truthiness_var.HC	0	0	0	PASS	PASS	/Volumes/UserData/Users/chistyakov/Projects/SPbNIX/polyc/build/b02-corpus-A/104_truthiness_var.o	/Volumes/UserData/Users/chistyakov/Projects/SPbNIX/polyc/build/b02-corpus-B/104_truthiness_var.o	YES	STAGE0_PASS_STAGE1_PASS	YES
src/tests/llvm-byte-memory01/Diamond.HC	0	0	0	PASS	PASS	/Volumes/UserData/Users/chistyakov/Projects/SPbNIX/polyc/build/b02-corpus-A/105_Diamond.o	/Volumes/UserData/Users/chistyakov/Projects/SPbNIX/polyc/build/b02-corpus-B/105_Diamond.o	YES	STAGE0_PASS_STAGE1_PASS	YES
src/tests/llvm-byte-memory01/i64_collapse_probe.HC	0	0	0	PASS	PASS	/Volumes/UserData/Users/chistyakov/Projects/SPbNIX/polyc/build/b02-corpus-A/106_i64_collapse_probe.o	/Volumes/UserData/Users/chistyakov/Projects/SPbNIX/polyc/build/b02-corpus-B/106_i64_collapse_probe.o	YES	STAGE0_PASS_STAGE1_PASS	YES
src/tests/llvm-byte-memory01/nc_p01_predecessor_paths.HC	0	0	0	PASS	PASS	/Volumes/UserData/Users/chistyakov/Projects/SPbNIX/polyc/build/b02-corpus-A/107_nc_p01_predecessor_paths.o	/Volumes/UserData/Users/chistyakov/Projects/SPbNIX/polyc/build/b02-corpus-B/107_nc_p01_predecessor_paths.o	YES	STAGE0_PASS_STAGE1_PASS	YES
src/tests/llvm-byte-memory01/pos_b0_compare_digit.HC	0	0	0	PASS	PASS	/Volumes/UserData/Users/chistyakov/Projects/SPbNIX/polyc/build/b02-corpus-A/108_pos_b0_compare_digit.o	/Volumes/UserData/Users/chistyakov/Projects/SPbNIX/polyc/build/b02-corpus-B/108_pos_b0_compare_digit.o	YES	STAGE0_PASS_STAGE1_PASS	YES
src/tests/llvm-byte-memory01/pos_byte_compare_simple.HC	0	0	0	PASS	PASS	/Volumes/UserData/Users/chistyakov/Projects/SPbNIX/polyc/build/b02-corpus-A/109_pos_byte_compare_simple.o	/Volumes/UserData/Users/chistyakov/Projects/SPbNIX/polyc/build/b02-corpus-B/109_pos_byte_compare_simple.o	YES	STAGE0_PASS_STAGE1_PASS	YES
src/tests/llvm-byte-memory01/red_byte_load.HC	0	0	0	PASS	PASS	/Volumes/UserData/Users/chistyakov/Projects/SPbNIX/polyc/build/b02-corpus-A/110_red_byte_load.o	/Volumes/UserData/Users/chistyakov/Projects/SPbNIX/polyc/build/b02-corpus-B/110_red_byte_load.o	YES	STAGE0_PASS_STAGE1_PASS	YES
src/tests/llvm-byte-memory01/red_byte_pointer_param.HC	0	0	0	PASS	PASS	/Volumes/UserData/Users/chistyakov/Projects/SPbNIX/polyc/build/b02-corpus-A/111_red_byte_pointer_param.o	/Volumes/UserData/Users/chistyakov/Projects/SPbNIX/polyc/build/b02-corpus-B/111_red_byte_pointer_param.o	YES	STAGE0_PASS_STAGE1_PASS	YES
src/tests/llvm-byte-memory01/red_byte_to_i64.HC	0	0	0	PASS	PASS	/Volumes/UserData/Users/chistyakov/Projects/SPbNIX/polyc/build/b02-corpus-A/112_red_byte_to_i64.o	/Volumes/UserData/Users/chistyakov/Projects/SPbNIX/polyc/build/b02-corpus-B/112_red_byte_to_i64.o	YES	STAGE0_PASS_STAGE1_PASS	YES
src/tests/llvm-byte-memory01/red_i16_trunc_negative.HC	0	0	0	PASS	PASS	/Volumes/UserData/Users/chistyakov/Projects/SPbNIX/polyc/build/b02-corpus-A/113_red_i16_trunc_negative.o	/Volumes/UserData/Users/chistyakov/Projects/SPbNIX/polyc/build/b02-corpus-B/113_red_i16_trunc_negative.o	YES	STAGE0_PASS_STAGE1_PASS	YES
src/tests/llvm-byte-memory01/red_i8_param.HC	0	0	0	PASS	PASS	/Volumes/UserData/Users/chistyakov/Projects/SPbNIX/polyc/build/b02-corpus-A/114_red_i8_param.o	/Volumes/UserData/Users/chistyakov/Projects/SPbNIX/polyc/build/b02-corpus-B/114_red_i8_param.o	YES	STAGE0_PASS_STAGE1_PASS	YES
src/tests/llvm-byte-memory01/red_u8_param.HC	0	0	0	PASS	PASS	/Volumes/UserData/Users/chistyakov/Projects/SPbNIX/polyc/build/b02-corpus-A/115_red_u8_param.o	/Volumes/UserData/Users/chistyakov/Projects/SPbNIX/polyc/build/b02-corpus-B/115_red_u8_param.o	YES	STAGE0_PASS_STAGE1_PASS	YES
src/tests/llvm-byte-memory01/runtime_correctness_c9.HC	0	0	0	PASS	PASS	/Volumes/UserData/Users/chistyakov/Projects/SPbNIX/polyc/build/b02-corpus-A/116_runtime_correctness_c9.o	/Volumes/UserData/Users/chistyakov/Projects/SPbNIX/polyc/build/b02-corpus-B/116_runtime_correctness_c9.o	YES	STAGE0_PASS_STAGE1_PASS	YES
src/tests/llvm-byte-memory01/safe_fwd_single_pred.HC	0	0	0	PASS	PASS	/Volumes/UserData/Users/chistyakov/Projects/SPbNIX/polyc/build/b02-corpus-A/117_safe_fwd_single_pred.o	/Volumes/UserData/Users/chistyakov/Projects/SPbNIX/polyc/build/b02-corpus-B/117_safe_fwd_single_pred.o	YES	STAGE0_PASS_STAGE1_PASS	YES
src/tests/llvm-byte-memory01/single_cond_probe.HC	0	0	0	PASS	PASS	/Volumes/UserData/Users/chistyakov/Projects/SPbNIX/polyc/build/b02-corpus-A/118_single_cond_probe.o	/Volumes/UserData/Users/chistyakov/Projects/SPbNIX/polyc/build/b02-corpus-B/118_single_cond_probe.o	YES	STAGE0_PASS_STAGE1_PASS	YES
src/tests/llvm-float01/01_identity_f64.HC	0	0	0	PASS	PASS	/Volumes/UserData/Users/chistyakov/Projects/SPbNIX/polyc/build/b02-corpus-A/119_01_identity_f64.o	/Volumes/UserData/Users/chistyakov/Projects/SPbNIX/polyc/build/b02-corpus-B/119_01_identity_f64.o	YES	STAGE0_PASS_STAGE1_PASS	YES
src/tests/llvm-float01/02_const_f64.HC	0	0	0	PASS	PASS	/Volumes/UserData/Users/chistyakov/Projects/SPbNIX/polyc/build/b02-corpus-A/120_02_const_f64.o	/Volumes/UserData/Users/chistyakov/Projects/SPbNIX/polyc/build/b02-corpus-B/120_02_const_f64.o	YES	STAGE0_PASS_STAGE1_PASS	YES
src/tests/llvm-float01/03_fadd.HC	0	0	0	PASS	PASS	/Volumes/UserData/Users/chistyakov/Projects/SPbNIX/polyc/build/b02-corpus-A/121_03_fadd.o	/Volumes/UserData/Users/chistyakov/Projects/SPbNIX/polyc/build/b02-corpus-B/121_03_fadd.o	YES	STAGE0_PASS_STAGE1_PASS	YES
src/tests/llvm-float01/04_fsub.HC	0	0	0	PASS	PASS	/Volumes/UserData/Users/chistyakov/Projects/SPbNIX/polyc/build/b02-corpus-A/122_04_fsub.o	/Volumes/UserData/Users/chistyakov/Projects/SPbNIX/polyc/build/b02-corpus-B/122_04_fsub.o	YES	STAGE0_PASS_STAGE1_PASS	YES
src/tests/llvm-float01/05_fmul.HC	0	0	0	PASS	PASS	/Volumes/UserData/Users/chistyakov/Projects/SPbNIX/polyc/build/b02-corpus-A/123_05_fmul.o	/Volumes/UserData/Users/chistyakov/Projects/SPbNIX/polyc/build/b02-corpus-B/123_05_fmul.o	YES	STAGE0_PASS_STAGE1_PASS	YES
src/tests/llvm-float01/06_cmp_eq.HC	0	0	0	PASS	PASS	/Volumes/UserData/Users/chistyakov/Projects/SPbNIX/polyc/build/b02-corpus-A/124_06_cmp_eq.o	/Volumes/UserData/Users/chistyakov/Projects/SPbNIX/polyc/build/b02-corpus-B/124_06_cmp_eq.o	YES	STAGE0_PASS_STAGE1_PASS	YES
src/tests/llvm-float01/07_cmp_ne.HC	0	0	0	PASS	PASS	/Volumes/UserData/Users/chistyakov/Projects/SPbNIX/polyc/build/b02-corpus-A/125_07_cmp_ne.o	/Volumes/UserData/Users/chistyakov/Projects/SPbNIX/polyc/build/b02-corpus-B/125_07_cmp_ne.o	YES	STAGE0_PASS_STAGE1_PASS	YES
src/tests/llvm-float01/08_cmp_lt.HC	0	0	0	PASS	PASS	/Volumes/UserData/Users/chistyakov/Projects/SPbNIX/polyc/build/b02-corpus-A/126_08_cmp_lt.o	/Volumes/UserData/Users/chistyakov/Projects/SPbNIX/polyc/build/b02-corpus-B/126_08_cmp_lt.o	YES	STAGE0_PASS_STAGE1_PASS	YES
src/tests/llvm-float01/09_cmp_le.HC	0	0	0	PASS	PASS	/Volumes/UserData/Users/chistyakov/Projects/SPbNIX/polyc/build/b02-corpus-A/127_09_cmp_le.o	/Volumes/UserData/Users/chistyakov/Projects/SPbNIX/polyc/build/b02-corpus-B/127_09_cmp_le.o	YES	STAGE0_PASS_STAGE1_PASS	YES
src/tests/llvm-float01/10_cmp_gt.HC	0	0	0	PASS	PASS	/Volumes/UserData/Users/chistyakov/Projects/SPbNIX/polyc/build/b02-corpus-A/128_10_cmp_gt.o	/Volumes/UserData/Users/chistyakov/Projects/SPbNIX/polyc/build/b02-corpus-B/128_10_cmp_gt.o	YES	STAGE0_PASS_STAGE1_PASS	YES
src/tests/llvm-float01/11_cmp_ge.HC	0	0	0	PASS	PASS	/Volumes/UserData/Users/chistyakov/Projects/SPbNIX/polyc/build/b02-corpus-A/129_11_cmp_ge.o	/Volumes/UserData/Users/chistyakov/Projects/SPbNIX/polyc/build/b02-corpus-B/129_11_cmp_ge.o	YES	STAGE0_PASS_STAGE1_PASS	YES
src/tests/llvm-float01/12_cmp_branch.HC	0	0	0	PASS	PASS	/Volumes/UserData/Users/chistyakov/Projects/SPbNIX/polyc/build/b02-corpus-A/130_12_cmp_branch.o	/Volumes/UserData/Users/chistyakov/Projects/SPbNIX/polyc/build/b02-corpus-B/130_12_cmp_branch.o	YES	STAGE0_PASS_STAGE1_PASS	YES
src/tests/llvm-float01/13_mixed_float_expr.HC	0	0	0	PASS	PASS	/Volumes/UserData/Users/chistyakov/Projects/SPbNIX/polyc/build/b02-corpus-A/131_13_mixed_float_expr.o	/Volumes/UserData/Users/chistyakov/Projects/SPbNIX/polyc/build/b02-corpus-B/131_13_mixed_float_expr.o	YES	STAGE0_PASS_STAGE1_PASS	YES
src/tests/llvm-float01/neg_fdiv.HC	0	0	0	PASS	PASS	/Volumes/UserData/Users/chistyakov/Projects/SPbNIX/polyc/build/b02-corpus-A/132_neg_fdiv.o	/Volumes/UserData/Users/chistyakov/Projects/SPbNIX/polyc/build/b02-corpus-B/132_neg_fdiv.o	YES	STAGE0_PASS_STAGE1_PASS	YES
src/tests/llvm-float01/neg_float_to_int.HC	0	0	0	PASS	PASS	/Volumes/UserData/Users/chistyakov/Projects/SPbNIX/polyc/build/b02-corpus-A/133_neg_float_to_int.o	/Volumes/UserData/Users/chistyakov/Projects/SPbNIX/polyc/build/b02-corpus-B/133_neg_float_to_int.o	YES	STAGE0_PASS_STAGE1_PASS	YES
src/tests/llvm-float01/neg_fptosi_witness.HC	0	0	0	PASS	PASS	/Volumes/UserData/Users/chistyakov/Projects/SPbNIX/polyc/build/b02-corpus-A/134_neg_fptosi_witness.o	/Volumes/UserData/Users/chistyakov/Projects/SPbNIX/polyc/build/b02-corpus-B/134_neg_fptosi_witness.o	YES	STAGE0_PASS_STAGE1_PASS	YES
src/tests/llvm-float01/neg_int_to_float.HC	0	0	0	PASS	PASS	/Volumes/UserData/Users/chistyakov/Projects/SPbNIX/polyc/build/b02-corpus-A/135_neg_int_to_float.o	/Volumes/UserData/Users/chistyakov/Projects/SPbNIX/polyc/build/b02-corpus-B/135_neg_int_to_float.o	YES	STAGE0_PASS_STAGE1_PASS	YES
src/tests/llvm-float01/special_values.HC	0	0	0	PASS	PASS	/Volumes/UserData/Users/chistyakov/Projects/SPbNIX/polyc/build/b02-corpus-A/136_special_values.o	/Volumes/UserData/Users/chistyakov/Projects/SPbNIX/polyc/build/b02-corpus-B/136_special_values.o	YES	STAGE0_PASS_STAGE1_PASS	YES
src/tests/llvm-gep01/i64idx.HC	0	0	0	PASS	PASS	/Volumes/UserData/Users/chistyakov/Projects/SPbNIX/polyc/build/b02-corpus-A/137_i64idx.o	/Volumes/UserData/Users/chistyakov/Projects/SPbNIX/polyc/build/b02-corpus-B/137_i64idx.o	YES	STAGE0_PASS_STAGE1_PASS	YES
src/tests/llvm-gep01/read0.HC	0	0	0	PASS	PASS	/Volumes/UserData/Users/chistyakov/Projects/SPbNIX/polyc/build/b02-corpus-A/138_read0.o	/Volumes/UserData/Users/chistyakov/Projects/SPbNIX/polyc/build/b02-corpus-B/138_read0.o	YES	STAGE0_PASS_STAGE1_PASS	YES
src/tests/llvm-gep01/read2.HC	0	0	0	PASS	PASS	/Volumes/UserData/Users/chistyakov/Projects/SPbNIX/polyc/build/b02-corpus-A/139_read2.o	/Volumes/UserData/Users/chistyakov/Projects/SPbNIX/polyc/build/b02-corpus-B/139_read2.o	YES	STAGE0_PASS_STAGE1_PASS	YES
src/tests/llvm-gep01/readat.HC	0	0	0	PASS	PASS	/Volumes/UserData/Users/chistyakov/Projects/SPbNIX/polyc/build/b02-corpus-A/140_readat.o	/Volumes/UserData/Users/chistyakov/Projects/SPbNIX/polyc/build/b02-corpus-B/140_readat.o	YES	STAGE0_PASS_STAGE1_PASS	YES
src/tests/llvm-gep01/twodigits.HC	0	0	0	PASS	PASS	/Volumes/UserData/Users/chistyakov/Projects/SPbNIX/polyc/build/b02-corpus-A/141_twodigits.o	/Volumes/UserData/Users/chistyakov/Projects/SPbNIX/polyc/build/b02-corpus-B/141_twodigits.o	YES	STAGE0_PASS_STAGE1_PASS	YES
src/tests/llvm-intops01/b0_lexer_shape_probe.HC	0	0	0	PASS	PASS	/Volumes/UserData/Users/chistyakov/Projects/SPbNIX/polyc/build/b02-corpus-A/142_b0_lexer_shape_probe.o	/Volumes/UserData/Users/chistyakov/Projects/SPbNIX/polyc/build/b02-corpus-B/142_b0_lexer_shape_probe.o	YES	STAGE0_PASS_STAGE1_PASS	YES
src/tests/llvm-memory01/moved_neg_pointer.HC	0	0	0	PASS	PASS	/Volumes/UserData/Users/chistyakov/Projects/SPbNIX/polyc/build/b02-corpus-A/143_moved_neg_pointer.o	/Volumes/UserData/Users/chistyakov/Projects/SPbNIX/polyc/build/b02-corpus-B/143_moved_neg_pointer.o	YES	STAGE0_PASS_STAGE1_PASS	YES
src/tests/llvm-memory01/p4_load_add.HC	0	0	0	PASS	PASS	/Volumes/UserData/Users/chistyakov/Projects/SPbNIX/polyc/build/b02-corpus-A/144_p4_load_add.o	/Volumes/UserData/Users/chistyakov/Projects/SPbNIX/polyc/build/b02-corpus-B/144_p4_load_add.o	YES	STAGE0_PASS_STAGE1_PASS	YES
src/tests/llvm-memory01/p5_store_inc.HC	0	0	0	PASS	PASS	/Volumes/UserData/Users/chistyakov/Projects/SPbNIX/polyc/build/b02-corpus-A/145_p5_store_inc.o	/Volumes/UserData/Users/chistyakov/Projects/SPbNIX/polyc/build/b02-corpus-B/145_p5_store_inc.o	YES	STAGE0_PASS_STAGE1_PASS	YES
src/tests/llvm-memory01/red_load_deref.HC	0	0	0	PASS	PASS	/Volumes/UserData/Users/chistyakov/Projects/SPbNIX/polyc/build/b02-corpus-A/146_red_load_deref.o	/Volumes/UserData/Users/chistyakov/Projects/SPbNIX/polyc/build/b02-corpus-B/146_red_load_deref.o	YES	STAGE0_PASS_STAGE1_PASS	YES
src/tests/llvm-memory01/red_pointer_param.HC	0	0	0	PASS	PASS	/Volumes/UserData/Users/chistyakov/Projects/SPbNIX/polyc/build/b02-corpus-A/147_red_pointer_param.o	/Volumes/UserData/Users/chistyakov/Projects/SPbNIX/polyc/build/b02-corpus-B/147_red_pointer_param.o	YES	STAGE0_PASS_STAGE1_PASS	YES
src/tests/llvm-memory01/red_ssa_local_baseline.HC	0	0	0	PASS	PASS	/Volumes/UserData/Users/chistyakov/Projects/SPbNIX/polyc/build/b02-corpus-A/148_red_ssa_local_baseline.o	/Volumes/UserData/Users/chistyakov/Projects/SPbNIX/polyc/build/b02-corpus-B/148_red_ssa_local_baseline.o	YES	STAGE0_PASS_STAGE1_PASS	YES
src/tests/llvm-memory01/red_store_deref.HC	0	0	0	PASS	PASS	/Volumes/UserData/Users/chistyakov/Projects/SPbNIX/polyc/build/b02-corpus-A/149_red_store_deref.o	/Volumes/UserData/Users/chistyakov/Projects/SPbNIX/polyc/build/b02-corpus-B/149_red_store_deref.o	YES	STAGE0_PASS_STAGE1_PASS	YES
src/tests/llvm-spike/01_const.HC	0	0	0	PASS	PASS	/Volumes/UserData/Users/chistyakov/Projects/SPbNIX/polyc/build/b02-corpus-A/150_01_const.o	/Volumes/UserData/Users/chistyakov/Projects/SPbNIX/polyc/build/b02-corpus-B/150_01_const.o	YES	STAGE0_PASS_STAGE1_PASS	YES
src/tests/llvm-spike/02_add.HC	0	0	0	PASS	PASS	/Volumes/UserData/Users/chistyakov/Projects/SPbNIX/polyc/build/b02-corpus-A/151_02_add.o	/Volumes/UserData/Users/chistyakov/Projects/SPbNIX/polyc/build/b02-corpus-B/151_02_add.o	YES	STAGE0_PASS_STAGE1_PASS	YES
src/tests/llvm-spike/03_sub_mul.HC	0	0	0	PASS	PASS	/Volumes/UserData/Users/chistyakov/Projects/SPbNIX/polyc/build/b02-corpus-A/152_03_sub_mul.o	/Volumes/UserData/Users/chistyakov/Projects/SPbNIX/polyc/build/b02-corpus-B/152_03_sub_mul.o	YES	STAGE0_PASS_STAGE1_PASS	YES
src/tests/llvm-spike/04_cmp_branch.HC	0	0	0	PASS	PASS	/Volumes/UserData/Users/chistyakov/Projects/SPbNIX/polyc/build/b02-corpus-A/153_04_cmp_branch.o	/Volumes/UserData/Users/chistyakov/Projects/SPbNIX/polyc/build/b02-corpus-B/153_04_cmp_branch.o	YES	STAGE0_PASS_STAGE1_PASS	YES
src/tests/llvm-spike/05_call.HC	0	0	0	PASS	PASS	/Volumes/UserData/Users/chistyakov/Projects/SPbNIX/polyc/build/b02-corpus-A/154_05_call.o	/Volumes/UserData/Users/chistyakov/Projects/SPbNIX/polyc/build/b02-corpus-B/154_05_call.o	YES	STAGE0_PASS_STAGE1_PASS	YES
src/tests/llvm-spike/neg_asm.HC	0	1	1	COMPILE_FAIL	COMPILE_FAIL			N/A	STAGE0_FAIL_STAGE1_FAIL	S0=NO_OUTPUT;S1=NO_OUTPUT
src/tests/llvm-spike/neg_f64.HC	0	1	1	COMPILE_FAIL	COMPILE_FAIL			N/A	STAGE0_FAIL_STAGE1_FAIL	S0=NO_OUTPUT;S1=NO_OUTPUT
src/tests/llvm-spike/neg_struct.HC	0	0	0	PASS	PASS	/Volumes/UserData/Users/chistyakov/Projects/SPbNIX/polyc/build/b02-corpus-A/157_neg_struct.o	/Volumes/UserData/Users/chistyakov/Projects/SPbNIX/polyc/build/b02-corpus-B/157_neg_struct.o	YES	STAGE0_PASS_STAGE1_PASS	YES
src/tests/llvm-spike/red_conversion_trunc.HC	0	0	0	PASS	PASS	/Volumes/UserData/Users/chistyakov/Projects/SPbNIX/polyc/build/b02-corpus-A/158_red_conversion_trunc.o	/Volumes/UserData/Users/chistyakov/Projects/SPbNIX/polyc/build/b02-corpus-B/158_red_conversion_trunc.o	YES	STAGE0_PASS_STAGE1_PASS	YES
src/tests/llvm-spike/red_conversion_trunc_i16.HC	0	0	0	PASS	PASS	/Volumes/UserData/Users/chistyakov/Projects/SPbNIX/polyc/build/b02-corpus-A/159_red_conversion_trunc_i16.o	/Volumes/UserData/Users/chistyakov/Projects/SPbNIX/polyc/build/b02-corpus-B/159_red_conversion_trunc_i16.o	YES	STAGE0_PASS_STAGE1_PASS	YES
src/tests/llvm-spike/red_idiv_unclassified.HC	0	0	0	PASS	PASS	/Volumes/UserData/Users/chistyakov/Projects/SPbNIX/polyc/build/b02-corpus-A/160_red_idiv_unclassified.o	/Volumes/UserData/Users/chistyakov/Projects/SPbNIX/polyc/build/b02-corpus-B/160_red_idiv_unclassified.o	YES	STAGE0_PASS_STAGE1_PASS	YES
src/tests/llvm-spike/red_local_alloca_emitted.HC	0	0	0	PASS	PASS	/Volumes/UserData/Users/chistyakov/Projects/SPbNIX/polyc/build/b02-corpus-A/161_red_local_alloca_emitted.o	/Volumes/UserData/Users/chistyakov/Projects/SPbNIX/polyc/build/b02-corpus-B/161_red_local_alloca_emitted.o	YES	STAGE0_PASS_STAGE1_PASS	YES
src/tests/llvm-spike/red_local_multi_def.HC	0	0	0	PASS	PASS	/Volumes/UserData/Users/chistyakov/Projects/SPbNIX/polyc/build/b02-corpus-A/162_red_local_multi_def.o	/Volumes/UserData/Users/chistyakov/Projects/SPbNIX/polyc/build/b02-corpus-B/162_red_local_multi_def.o	YES	STAGE0_PASS_STAGE1_PASS	YES
src/tests/llvm-spike/red_pred_eq.HC	0	0	0	PASS	PASS	/Volumes/UserData/Users/chistyakov/Projects/SPbNIX/polyc/build/b02-corpus-A/163_red_pred_eq.o	/Volumes/UserData/Users/chistyakov/Projects/SPbNIX/polyc/build/b02-corpus-B/163_red_pred_eq.o	YES	STAGE0_PASS_STAGE1_PASS	YES
src/tests/llvm-spike/red_pred_ne.HC	0	0	0	PASS	PASS	/Volumes/UserData/Users/chistyakov/Projects/SPbNIX/polyc/build/b02-corpus-A/164_red_pred_ne.o	/Volumes/UserData/Users/chistyakov/Projects/SPbNIX/polyc/build/b02-corpus-B/164_red_pred_ne.o	YES	STAGE0_PASS_STAGE1_PASS	YES
src/tests/llvm-spike/red_pred_sge.HC	0	0	0	PASS	PASS	/Volumes/UserData/Users/chistyakov/Projects/SPbNIX/polyc/build/b02-corpus-A/165_red_pred_sge.o	/Volumes/UserData/Users/chistyakov/Projects/SPbNIX/polyc/build/b02-corpus-B/165_red_pred_sge.o	YES	STAGE0_PASS_STAGE1_PASS	YES
src/tests/llvm-spike/red_pred_sgt.HC	0	0	0	PASS	PASS	/Volumes/UserData/Users/chistyakov/Projects/SPbNIX/polyc/build/b02-corpus-A/166_red_pred_sgt.o	/Volumes/UserData/Users/chistyakov/Projects/SPbNIX/polyc/build/b02-corpus-B/166_red_pred_sgt.o	YES	STAGE0_PASS_STAGE1_PASS	YES
src/tests/llvm-spike/red_pred_sle.HC	0	0	0	PASS	PASS	/Volumes/UserData/Users/chistyakov/Projects/SPbNIX/polyc/build/b02-corpus-A/167_red_pred_sle.o	/Volumes/UserData/Users/chistyakov/Projects/SPbNIX/polyc/build/b02-corpus-B/167_red_pred_sle.o	YES	STAGE0_PASS_STAGE1_PASS	YES
src/tests/llvm-spike/red_pred_slt.HC	0	0	0	PASS	PASS	/Volumes/UserData/Users/chistyakov/Projects/SPbNIX/polyc/build/b02-corpus-A/168_red_pred_slt.o	/Volumes/UserData/Users/chistyakov/Projects/SPbNIX/polyc/build/b02-corpus-B/168_red_pred_slt.o	YES	STAGE0_PASS_STAGE1_PASS	YES
src/tests/llvm-spike/red_remainder_mod.HC	0	0	0	PASS	PASS	/Volumes/UserData/Users/chistyakov/Projects/SPbNIX/polyc/build/b02-corpus-A/169_red_remainder_mod.o	/Volumes/UserData/Users/chistyakov/Projects/SPbNIX/polyc/build/b02-corpus-B/169_red_remainder_mod.o	YES	STAGE0_PASS_STAGE1_PASS	YES
src/tests/llvm-spike/red_shift_shl.HC	0	0	0	PASS	PASS	/Volumes/UserData/Users/chistyakov/Projects/SPbNIX/polyc/build/b02-corpus-A/170_red_shift_shl.o	/Volumes/UserData/Users/chistyakov/Projects/SPbNIX/polyc/build/b02-corpus-B/170_red_shift_shl.o	YES	STAGE0_PASS_STAGE1_PASS	YES
src/tests/lsp/run_lsp_tests.HC	0	0	0	PASS	PASS	/Volumes/UserData/Users/chistyakov/Projects/SPbNIX/polyc/build/b02-corpus-A/171_run_lsp_tests.o	/Volumes/UserData/Users/chistyakov/Projects/SPbNIX/polyc/build/b02-corpus-B/171_run_lsp_tests.o	YES	STAGE0_PASS_STAGE1_PASS	YES
src/tests/native-x86-float-cmp-parity01/finite_baseline.HC	0	0	0	PASS	PASS	/Volumes/UserData/Users/chistyakov/Projects/SPbNIX/polyc/build/b02-corpus-A/172_finite_baseline.o	/Volumes/UserData/Users/chistyakov/Projects/SPbNIX/polyc/build/b02-corpus-B/172_finite_baseline.o	YES	STAGE0_PASS_STAGE1_PASS	YES
src/tests/native-x86-float-cmp-parity01/ir_fcmp_witness.HC	0	0	0	PASS	PASS	/Volumes/UserData/Users/chistyakov/Projects/SPbNIX/polyc/build/b02-corpus-A/173_ir_fcmp_witness.o	/Volumes/UserData/Users/chistyakov/Projects/SPbNIX/polyc/build/b02-corpus-B/173_ir_fcmp_witness.o	YES	STAGE0_PASS_STAGE1_PASS	YES
src/tests/native-x86-float-cmp-parity01/red_nan.HC	0	0	0	PASS	PASS	/Volumes/UserData/Users/chistyakov/Projects/SPbNIX/polyc/build/b02-corpus-A/174_red_nan.o	/Volumes/UserData/Users/chistyakov/Projects/SPbNIX/polyc/build/b02-corpus-B/174_red_nan.o	YES	STAGE0_PASS_STAGE1_PASS	YES
src/tests/native-x86-float-cmp-parity01/special_values.HC	0	0	0	PASS	PASS	/Volumes/UserData/Users/chistyakov/Projects/SPbNIX/polyc/build/b02-corpus-A/175_special_values.o	/Volumes/UserData/Users/chistyakov/Projects/SPbNIX/polyc/build/b02-corpus-B/175_special_values.o	YES	STAGE0_PASS_STAGE1_PASS	YES
src/tests/repro_171_default_function_pointers.HC	0	0	0	PASS	PASS	/Volumes/UserData/Users/chistyakov/Projects/SPbNIX/polyc/build/b02-corpus-A/176_repro_171_default_function_pointers.o	/Volumes/UserData/Users/chistyakov/Projects/SPbNIX/polyc/build/b02-corpus-B/176_repro_171_default_function_pointers.o	YES	STAGE0_PASS_STAGE1_PASS	YES
src/tests/run.HC	0	0	0	PASS	PASS	/Volumes/UserData/Users/chistyakov/Projects/SPbNIX/polyc/build/b02-corpus-A/177_run.o	/Volumes/UserData/Users/chistyakov/Projects/SPbNIX/polyc/build/b02-corpus-B/177_run.o	YES	STAGE0_PASS_STAGE1_PASS	YES
src/tests/run_jit.HC	0	0	0	PASS	PASS	/Volumes/UserData/Users/chistyakov/Projects/SPbNIX/polyc/build/b02-corpus-A/178_run_jit.o	/Volumes/UserData/Users/chistyakov/Projects/SPbNIX/polyc/build/b02-corpus-B/178_run_jit.o	YES	STAGE0_PASS_STAGE1_PASS	YES
src/tests/run_shared.HC	1	0	0	PASS	PASS	/Volumes/UserData/Users/chistyakov/Projects/SPbNIX/polyc/build/b02-corpus-A/179_run_shared.o	/Volumes/UserData/Users/chistyakov/Projects/SPbNIX/polyc/build/b02-corpus-B/179_run_shared.o	YES	STAGE0_PASS_STAGE1_PASS	YES
src/tests/testhelper.HC	0	0	0	PASS	PASS	/Volumes/UserData/Users/chistyakov/Projects/SPbNIX/polyc/build/b02-corpus-A/180_testhelper.o	/Volumes/UserData/Users/chistyakov/Projects/SPbNIX/polyc/build/b02-corpus-B/180_testhelper.o	YES	STAGE0_PASS_STAGE1_PASS	YES
