AC_ID	WITNESS_ID	EVIDENCE_PATH	TOKEN	REPLACEMENT_STRATEGY	RAW_SOURCE
AC06	w10	evidence/ACT-POLYC-SELFHOST-LEXER04/CORRECTION05/c3/c3-production-source-delta.txt	PRODUCTION_SOURCE_DELTA	DERIVED_FROM_C3_FIXTURE_ID_MAP_VERIFY	/tmp/lexer09-4stage-semantic/semantic.g0.txt
AC07	w11	evidence/ACT-POLYC-SELFHOST-LEXER04/CORRECTION05/c3/c3-production-authority.txt	PRODUCTION_AUTHORITY_VERIFY	RUN_PRODUCTION_AUTHORITY_VERIFY	tools/quality/lexer09-production-authority-verify
AC08	w12	evidence/ACT-POLYC-SELFHOST-LEXER04/CORRECTION05/c3/c3-direct-differential.txt	DIRECT_DIFFERENTIAL_FAIL	RUN_DIRECT_DIFFERENTIAL	tools/quality/lexer09-direct-differential
AC09	w13	evidence/ACT-POLYC-SELFHOST-LEXER04/CORRECTION05/c3/c3-component-fixedpoint.txt	COMPONENT_PAIR_PASS	RUN_COMPONENT_FIXEDPOINT	tools/quality/lexer09-component-fixedpoint
AC09	w14	evidence/ACT-POLYC-SELFHOST-LEXER04/CORRECTION05/c3/c3-component-fixedpoint.txt	COMPONENT_PAIR_FAIL	RUN_COMPONENT_FIXEDPOINT	tools/quality/lexer09-component-fixedpoint
AC10	w15	evidence/ACT-POLYC-SELFHOST-LEXER04/CORRECTION05/c3/c3-semantic-postmigration.txt	POST_MIGRATION_PAIR_PASS	RUN_SEMANTIC_POSTMIGRATION	tools/quality/lexer09-4stage-semantic-verify
AC10	w16	evidence/ACT-POLYC-SELFHOST-LEXER04/CORRECTION05/c3/c3-semantic-postmigration.txt	POST_MIGRATION_PAIR_FAIL	RUN_SEMANTIC_POSTMIGRATION	tools/quality/lexer09-4stage-semantic-verify
AC11	w17	evidence/ACT-POLYC-SELFHOST-LEXER04/CORRECTION05/c3/c3-semantic-postmigration.txt	EXPECTED_MIGRATION_FIXTURE_SET	RUN_SEMANTIC_POSTMIGRATION	tools/quality/lexer09-4stage-semantic-verify
AC11	w18	evidence/ACT-POLYC-SELFHOST-LEXER04/CORRECTION05/c3/c3-semantic-postmigration.txt	OBSERVED_MIGRATION_FIXTURE_SET	RUN_SEMANTIC_POSTMIGRATION	tools/quality/lexer09-4stage-semantic-verify
AC12	w19	evidence/ACT-POLYC-SELFHOST-LEXER04/CORRECTION05/c3/c3-fixture-id-map-verify.txt	UNKNOWN_FIXTURE_ALIAS	RUN_FIXTURE_ID_MAP_VERIFY	tools/quality/lexer09-4stage-semantic-verify
AC12	w20	evidence/ACT-POLYC-SELFHOST-LEXER04/CORRECTION05/c3/c3-fixture-id-map-verify.txt	DUPLICATE_CANONICAL_ID	RUN_FIXTURE_ID_MAP_VERIFY	tools/quality/lexer09-4stage-semantic-verify
AC13	w21	evidence/ACT-POLYC-SELFHOST-LEXER04/CORRECTION05/c3/c3-fixture-alias-control.txt	FIXTURE_ALIAS_CONTROL_REJECTED	RUN_FIXTURE_ALIAS_CONTROL	tools/quality/lexer09-4stage-semantic-verify argv[5/6]
AC14	w22	evidence/ACT-POLYC-SELFHOST-LEXER04/CORRECTION05/c3/c3-semantic-g0-delta.txt	NON_MIGRATION_G0_DIVERGENCE_COUNT	RUN_SEMANTIC_G0_DELTA	/tmp/lexer09-4stage-semantic/semantic.g0.txt vs g[123]
AC14	w23	evidence/ACT-POLYC-SELFHOST-LEXER04/CORRECTION05/c3/c3-semantic-g0-delta.txt	G0_UNEXPECTED_MIGRATION_PAIR_COUNT	RUN_SEMANTIC_G0_DELTA	/tmp/lexer09-4stage-semantic/semantic.g0.txt vs g[123]
AC15	w24	evidence/ACT-POLYC-SELFHOST-LEXER04/CORRECTION05/c3/c3-semantic-per-fixture.tsv	L07_G0	RUN_SEMANTIC_PER_FIXTURE	tools/quality/lexer09-4stage-semantic-verify
AC15	w25	evidence/ACT-POLYC-SELFHOST-LEXER04/CORRECTION05/c3/c3-semantic-per-fixture.tsv	L07_G1	RUN_SEMANTIC_PER_FIXTURE	tools/quality/lexer09-4stage-semantic-verify
AC15	w26	evidence/ACT-POLYC-SELFHOST-LEXER04/CORRECTION05/c3/c3-semantic-per-fixture.tsv	L07_G2	RUN_SEMANTIC_PER_FIXTURE	tools/quality/lexer09-4stage-semantic-verify
AC15	w27	evidence/ACT-POLYC-SELFHOST-LEXER04/CORRECTION05/c3/c3-semantic-per-fixture.tsv	L07_G3	RUN_SEMANTIC_PER_FIXTURE	tools/quality/lexer09-4stage-semantic-verify
AC16	w28	evidence/ACT-POLYC-SELFHOST-LEXER04/CORRECTION05/c3/c3-n01-output-mutation.txt	SEMANTIC_OUTPUT_MUTATION_DETECTED	RUN_N01_OUTPUT_MUTATION	tools/quality/lexer09-n01-output-mutation-runner
AC17	w29	evidence/ACT-POLYC-SELFHOST-LEXER04/CORRECTION05/c3/c3-n02-shell-authority.txt	N02_ORCHESTRATION_AUTHORITY	RUN_N02_SHELL_AUTHORITY	scripts/quality/lexer09-n02-mutation-runner.sh + wc -l
AC17	w30	evidence/ACT-POLYC-SELFHOST-LEXER04/CORRECTION05/c3/c3-n02-shell-authority.txt	N02_SHELL_DISPATCH_ONLY	RUN_N02_SHELL_AUTHORITY	scripts/quality/lexer09-n02-mutation-runner.sh + wc -l
AC17	w31	evidence/ACT-POLYC-SELFHOST-LEXER04/CORRECTION05/c3/c3-n02-shell-authority.txt	N02_SHELL_LOC_LE_50	RUN_N02_SHELL_AUTHORITY	scripts/quality/lexer09-n02-mutation-runner.sh + wc -l
AC18	w32	evidence/ACT-POLYC-SELFHOST-LEXER04/CORRECTION05/c3/c3-n02-production-causal-control.txt	MUTATED_COMPONENT_BUILD_RC	RUN_N02_PRODUCTION_CAUSAL	tools/quality/lexer09-n02-mutation-runner
AC18	w33	evidence/ACT-POLYC-SELFHOST-LEXER04/CORRECTION05/c3/c3-n02-production-causal-control.txt	MUTATED_SEAM_LINK_RC	RUN_N02_PRODUCTION_CAUSAL	tools/quality/lexer09-n02-mutation-runner
AC18	w34	evidence/ACT-POLYC-SELFHOST-LEXER04/CORRECTION05/c3/c3-n02-production-causal-control.txt	MUTATED_SEAM_RUN_RC	RUN_N02_PRODUCTION_CAUSAL	tools/quality/lexer09-n02-mutation-runner
AC19	w35	evidence/ACT-POLYC-SELFHOST-LEXER04/CORRECTION05/c3/c3-n02-production-causal-control.txt	MUTATED_COMPONENT_SHA_NONEMPTY	RUN_N02_PRODUCTION_CAUSAL	tools/quality/lexer09-n02-mutation-runner
AC19	w36	evidence/ACT-POLYC-SELFHOST-LEXER04/CORRECTION05/c3/c3-n02-production-causal-control.txt	MUTATED_COMPONENT_SHA_DIFFERS	RUN_N02_PRODUCTION_CAUSAL	tools/quality/lexer09-n02-mutation-runner
AC19	w37	evidence/ACT-POLYC-SELFHOST-LEXER04/CORRECTION05/c3/c3-n02-production-causal-control.txt	MUTATED_SEAM_SHA_NONEMPTY	RUN_N02_PRODUCTION_CAUSAL	tools/quality/lexer09-n02-mutation-runner
AC20	w38	evidence/ACT-POLYC-SELFHOST-LEXER04/CORRECTION05/c3/c3-n02-production-causal-control.txt	MUTATED_PRODUCTION_DIVERGENCE_DETECTED	RUN_N02_PRODUCTION_CAUSAL	tools/quality/lexer09-n02-mutation-runner
AC20	w39	evidence/ACT-POLYC-SELFHOST-LEXER04/CORRECTION05/c3/c3-n02-production-causal-control.txt	UNEXPECTED_MUTATION_DIVERGENCE_COUNT	RUN_N02_PRODUCTION_CAUSAL	tools/quality/lexer09-n02-mutation-runner
AC21	w40	evidence/ACT-POLYC-SELFHOST-LEXER04/CORRECTION05/c3/c3-n02-incomplete-witness.txt	N02_INCOMPLETE_WITNESS_REJECTED	RUN_N02_INCOMPLETE_WITNESS	tools/quality/lexer09-n02-incomplete-witness
AC22	w41	evidence/ACT-POLYC-SELFHOST-LEXER04/CORRECTION05/c3/c3-generation-provenance.tsv	PROVENANCE_ROW_PASS	RUN_GENERATION_PROVENANCE	shasum over seam outputs
AC22	w42	evidence/ACT-POLYC-SELFHOST-LEXER04/CORRECTION05/c3/c3-generation-provenance.tsv	PROVENANCE_ROW_FAIL	RUN_GENERATION_PROVENANCE	shasum over seam outputs
AC23	w43	evidence/ACT-POLYC-SELFHOST-LEXER04/CORRECTION05/c3/c3-generation-copy-control.txt	GENERATION_COPY_CONTROL_EXECUTED	RUN_GENERATION_COPY_CONTROL	diff /tmp/lexer09-seam/migration.*.txt
AC23	w44	evidence/ACT-POLYC-SELFHOST-LEXER04/CORRECTION05/c3/c3-generation-copy-control.txt	GENERATION_COPY_DETECTED	RUN_GENERATION_COPY_CONTROL	diff /tmp/lexer09-seam/migration.*.txt
AC23	w45	evidence/ACT-POLYC-SELFHOST-LEXER04/CORRECTION05/c3/c3-generation-copy-control.txt	GENERATION_COPY_VERIFIER_RC_NONZERO	RUN_GENERATION_COPY_CONTROL	diff /tmp/lexer09-seam/migration.*.txt
AC24	w46	evidence/ACT-POLYC-SELFHOST-LEXER04/CORRECTION05/c3/c3-token-schema-verify.txt	TOKEN_SCHEMA_DUPLICATES	RUN_TOKEN_SCHEMA_VERIFY	./build/lexer09-token-schema-verify
AC24	w47	evidence/ACT-POLYC-SELFHOST-LEXER04/CORRECTION05/c3/c3-token-schema-verify.txt	WITNESS_KEYS_WITHOUT_SCHEMA	RUN_TOKEN_SCHEMA_VERIFY	./build/lexer09-token-schema-verify
AC24	w48	evidence/ACT-POLYC-SELFHOST-LEXER04/CORRECTION05/c3/c3-token-schema-verify.txt	TOKEN_SCHEMA_PRODUCER_CONSUMER_DRIFT	RUN_TOKEN_SCHEMA_VERIFY	./build/lexer09-token-schema-verify
AC25	w49	evidence/ACT-POLYC-SELFHOST-LEXER04/CORRECTION05/c3/c3-ac-witness-results.tsv	WITNESS_FAIL	RUN_AC_WITNESS_VERIFY	./build/lexer09-ac-witness-verify
AC25	w50	evidence/ACT-POLYC-SELFHOST-LEXER04/CORRECTION05/c3/c3-ac-witness-results.tsv	WITNESS_MISSING	RUN_AC_WITNESS_VERIFY	./build/lexer09-ac-witness-verify
AC26	w51	evidence/ACT-POLYC-SELFHOST-LEXER04/CORRECTION05/c3/c3-witness-missing-control.txt	WITNESS_MISSING_CONTROL_DETECTED	CHECK_WITNESS_MISSING_CONTROL	grep MISSING c3-ac-witness-results.tsv
AC27	w52	evidence/ACT-POLYC-SELFHOST-LEXER04/CORRECTION05/c3/c3-witness-value-control.txt	WITNESS_VALUE_CONTROL_DETECTED	CHECK_WITNESS_VALUE_CONTROL	awk on c3-ac-witness-results.tsv
AC28	w53	evidence/ACT-POLYC-SELFHOST-LEXER04/CORRECTION05/c3/c3-ac-id-shuffle.txt	AC_ID_SHUFFLE_DETECTED	CHECK_AC_ID_SHUFFLE	shasum over c1-mandatory-ac-contract.tsv
AC29	w54	evidence/ACT-POLYC-SELFHOST-LEXER04/CORRECTION05/c3/c3-evidence-sha-mutation.txt	EVIDENCE_SHA_MUTATION_DETECTED	CHECK_EVIDENCE_SHA_MUTATION	shasum over evidence files
AC30	w55	evidence/ACT-POLYC-SELFHOST-LEXER04/CORRECTION05/c3/c3-predicate-lie-control.txt	PREDICATE_LIE_DETECTED	CHECK_PREDICATE_LIE_CONTROL	grep MISSING c3-ac-witness-results.tsv
AC31	w56	evidence/ACT-POLYC-SELFHOST-LEXER04/CORRECTION05/c3/c3-lexer01-conservation.txt	LEXER01_CONSERVATION	RUN_LEXER01_BROAD_CORPUS	make lexer01-link-broad-corpus-4-stage
AC32	w57	evidence/ACT-POLYC-SELFHOST-LEXER04/CORRECTION05/c3/c3-lexer02-conservation.txt	LEXER02_DIRECT_CONSERVATION	RUN_LEXER02_BROAD_CORPUS	make lexer02-link-broad-corpus-4-stage
AC33	w58	evidence/ACT-POLYC-SELFHOST-LEXER04/CORRECTION05/c3/c3-lexer03-conservation.txt	LEXER03_CONSERVATION	RUN_LEXER03_BROAD_CORPUS	make lexer03-link-broad-corpus-4-stage
AC34	w59	evidence/ACT-POLYC-SELFHOST-LEXER04/CORRECTION05/c3/c3-broad-corpus-delta.txt	LEXER07_NEW_FAILURES	RUN_BROAD_CORPUS_DELTA	make lexer07/08/09-link-broad-corpus
AC34	w60	evidence/ACT-POLYC-SELFHOST-LEXER04/CORRECTION05/c3/c3-broad-corpus-delta.txt	LEXER08_BROAD_CORPUS	RUN_BROAD_CORPUS_DELTA	make lexer07/08/09-link-broad-corpus
AC34	w61	evidence/ACT-POLYC-SELFHOST-LEXER04/CORRECTION05/c3/c3-broad-corpus-delta.txt	LEXER09_BROAD_CORPUS	RUN_BROAD_CORPUS_DELTA	make lexer07/08/09-link-broad-corpus
AC35	w62	evidence/ACT-POLYC-SELFHOST-LEXER04/CORRECTION05/c3/c3-f-polyc-tools.txt	NEW_SUBSTANTIVE_NON_POLYC_TOOLS	RUN_F_POLYC_TOOLS_CHECK	wc -l scripts/quality/lexer09-*.sh
AC36	w63	evidence/ACT-POLYC-SELFHOST-LEXER04/CORRECTION05/c3/c3-f-no-python.txt	NEW_PYTHON_SOURCES	RUN_F_NO_PYTHON_CHECK	./build/factory-no-python-check
AC36	w64	evidence/ACT-POLYC-SELFHOST-LEXER04/CORRECTION05/c3/c3-f-no-python.txt	NEW_PYTHON_INVOCATIONS	RUN_F_NO_PYTHON_CHECK	./build/factory-no-python-check
AC37	w65	evidence/ACT-POLYC-SELFHOST-LEXER04/CORRECTION05/c3/c3-f14.txt	CLOSED_EVIDENCE_DELTA	RUN_F14_REVERIFY	compare CORRECTION03 vs current evidence
AC37	w66	evidence/ACT-POLYC-SELFHOST-LEXER04/CORRECTION05/c3/c3-f14.txt	CLOSED_HANDOFF_DELTA	RUN_F14_REVERIFY	compare CORRECTION03 vs current evidence
AC38	w67	evidence/ACT-POLYC-SELFHOST-LEXER04/CORRECTION05/c3/c3-c2-freeze-replay.tsv	C2_TO_C3_FROZEN	C2_FREEZE_REPLAY	git show a046099:tools/quality/lexer09-n02-mutation-runner.HC
AC39	w68	evidence/ACT-POLYC-SELFHOST-LEXER04/CORRECTION05/c3/c3-phase-purity.txt	C3_PHASE_PURITY	CHECK_PHASE_PURITY	git log --format=%s | grep ACT-Phase
AC40	w69	evidence/ACT-POLYC-SELFHOST-LEXER04/CORRECTION05/c3/c3-factory-gates.txt	GATE_FAST	RUN_GATE_FAST	./scripts/quality/gate-fast.sh
AC40	w70	evidence/ACT-POLYC-SELFHOST-LEXER04/CORRECTION05/c3/c3-append-only.txt	APPEND_ONLY_FAIL	RUN_APPEND_ONLY_CHECK	git fsck + git replace -l
AC41	w71	evidence/ACT-POLYC-SELFHOST-LEXER04/CORRECTION05/c3/c3-patch-hygiene.txt	PATCH_HYGIENE_ERRORS	RUN_PATCH_HYGIENE	git diff --check 87106d6..HEAD
AC42	w72	evidence/ACT-POLYC-SELFHOST-LEXER04/CORRECTION05/c3/c3-required-result.txt	CORRECTION05_COMMIT_COUNT	STATIC_IDENTIFIERS	git rev-list --count 87106d6..HEAD
AC42	w73	evidence/ACT-POLYC-SELFHOST-LEXER04/CORRECTION05/c3/c3-required-result.txt	C0_C1_C2_C3_C4_ORDER	STATIC_IDENTIFIERS	git rev-list --count 87106d6..HEAD
AC43	w74	evidence/ACT-POLYC-SELFHOST-LEXER04/CORRECTION05/c4/c4-parent-identity.txt	WORKTREE_CLEAN_AFTER_C4	DERIVED_FROM_C3_FIXTURE_ID_MAP_VERIFY	/tmp/lexer09-4stage-semantic/semantic.g0.txt
AC44	w75	evidence/ACT-POLYC-SELFHOST-LEXER04/CORRECTION05/c4/c4-terminal-ledger.txt	POST_C4_COMMIT_COUNT	DERIVED_FROM_C3_FIXTURE_ID_MAP_VERIFY	/tmp/lexer09-4stage-semantic/semantic.g0.txt
