surface_id	region	description	primary_source	entry_symbol	classification	production_reachable	semantic_authority	polyC_component	bridge_symbol	legacy_duplicate	current_test_surface	current_proof_surface	blocks_next_selfhost_stage	atomic_slice_available	estimated_source_span	dependency_count	coupling_count	existing_oracle	existing_fixture_set	known_residue	notes
INV.LEXER.IDENT	lexer	Identifier byte scan (start..first-non-ident)	src/lexer.c	lexIdentifier	SELFHOSTED_TRUE_GREEN	YES	YES	tools/bootstrap/bootstrap02-ident.HC	BootstrapScanIdent (ABI1)	src/lexer.c (under #else)	tools/quality/lexer07-direct-differential.c; bootstrap02-cursor-test	bootstrap02-lexer-seam-test	NO (already selfhosted)	NO (already migrated)	~40 lines under #ifdef in lexIdentifier	3	src_buffer + flags + return end_off	lexer07-oracle	c01/c02/c03 fixtures	N/A	LEXER01/BOOTSTRAP02 closed PASS_TRUE_GREEN
INV.LEXER.OPCLASS	lexer	Multi-byte operator classification (+ <<= etc.)	src/lexer.c	lexClassifyOperator	SELFHOSTED_TRUE_GREEN	YES	YES	tools/bootstrap/selfhost-lexer-operator-classify.HC	BootstrapClassifyOperator (ABI2)	src/lexer.c (under #else)	tools/quality/bootstrap06-direct-differential.c; bootstrap06-classify-probe.HC	bootstrap06-lexer-seam-stage1	NO (already selfhosted)	NO (already migrated)	~190 lines under #ifdef in lexClassifyOperator	3	src_buffer + flags + out_kind + out_length	bootstrap06-operator-classify-oracle	bootstrap06 fixtures	N/A	LEXER01 closed PASS_TRUE_GREEN
INV.LEXER.SCALAR	lexer	Scalar literal scan (numeric + char const)	src/lexer.c	lexNumeric + lexCharConst	SELFHOSTED_TRUE_GREEN	YES	YES	tools/bootstrap/selfhost-lexer-scalar-literal.HC	BootstrapScanScalarLiteral (ABI3)	src/lexer.c (under #else)	tools/quality/lexer07-direct-differential.c	lexer07-lexer-seam-stage0..3	NO (already selfhosted)	NO (already migrated)	~205 lines under #ifdef across lexCharConst + lexNumeric	4	src_buffer + flags + out_* (kind/i64/f64_bits/ishex/error/strlen)	lexer07-scalar-literal-oracle	lexer07 fixtures	N/A	LEXER02 closed PASS_TRUE_GREEN
INV.LEXER.TRIVIA	lexer	Trivia scan (whitespace + line/block comments)	src/lexer.c	lexSkipCodeComment + lexCore whitespace	SELFHOSTED_TRUE_GREEN	YES	YES	tools/bootstrap/selfhost-lexer-trivia.HC	BootstrapScanTrivia (ABI4)	src/lexer.c (under #else)	tools/quality/lexer08-direct-differential.c	lexer08-trivia-fixedpoint	NO (already selfhosted)	NO (already migrated)	~150 lines under #ifdef in lexSkipCodeComment + lexCore whitespace branches	4	src_buffer + flags + out_* (end/kind/lineno_delta/comment_started)	lexer08-trivia-oracle	lexer08 fixtures	N/A	LEXER03 closed PASS_TRUE_GREEN
INV.LEXER.LINK	lexer	#link directive body scan (quoted path / angle name)	src/lexer.c	lexLink	SELFHOSTED_TRUE_GREEN	YES	YES	tools/bootstrap/selfhost-lexer-link.HC	BootstrapLinkDirective (ABI6)	src/lexer.c (under #else, lines ~2007..2236)	tools/quality/lexer09-direct-differential.c	lexer09-fixedpoint-4stage	NO (already selfhosted)	NO (already migrated)	~230 lines under #ifdef in lexLink	6	src_buffer + out_target_bytes + out_* (consumed/is_path/stored_len/error)	lexer09-link-oracle	lexer09 fixtures (15 fixtures, 9 classes)	N/A	LEXER04 closed PASS_TRUE_GREEN (CORRECTION07)
INV.LEXER.STATE	lexer	Lexer state setup/teardown/file-push/character stream	src/lexer.c	lexInit + lexPushFile + lexPushString + lexNextChar + lexRewindChar + lexPeek + lexPeekMatch + lexerRelease + lexReleaseAllFiles	LEGACY_C_AUTHORITY	YES	YES	NONE	N/A	N/A	N/A	N/A	NO (plumbing)	YES (state setup is one cohesive region; lexLink file-push coupling makes a single-function extraction tight)	~330 lines	8	io_file + flags + macro_proccessor + lexeme_arena + lex_file_stack	N/A	N/A	plumbing; couples file I/O + state init + asm-flag side effects	not on next-migration list; bounded by file-stack and state coupling
INV.LEXER.DISPATCH	lexer	Token-dispatch loop + # directive routing	src/lexer.c	lexCore + lex + lexToken + lexPreProcDirective	LEGACY_C_AUTHORITY	YES	YES	NONE	N/A	N/A	N/A	N/A	YES (BLOCKS_NEXT_SELFHOST_STAGE for any non-#link directive migration because the dispatcher routes lexPreProcDirective -> lexInclude/lexDefine/lexUndef/lexPreProcIf/lexPreProcBoolean/lexLink/lexSetAsmFlags/lexUnSetAsmFlags)	NO (large; would require migrating the entire token loop)	~540 lines	20+	macro_defs + lex_file_stack + lexeme_arena + flags + every other lexer surface	N/A	N/A	large; cannot be atomically migrated without rewriting the whole token loop	not eligible for atomic next migration
INV.PREPROC.PP	preprocessor	# directive parser (if/elif/include/define/undef/asm flags)	src/lexer.c	lexPreProcDirective + lexInclude + lexDefine + lexUndef + lexPreProcIf + lexPreProcBoolean + lexSetAsmFlags + lexUnSetAsmFlags	LEGACY_C_AUTHORITY	YES	YES	NONE	N/A	N/A	N/A	N/A	YES (BLOCKS_NEXT_SELFHOST_STAGE because every subsequent parser migration must consult preprocessor state — and the preprocessor owns macro_defs, lex_file_stack side effects, and #asm flag mutations that downstream parsers/consumers read)	NO (the dispatcher `lexPreProcDirective` selects among them and routes through it; a single-function extraction is impossible without either (a) splitting `lexPreProcDirective` or (b) migrating the dispatcher along with one directive — both blow atomicity)	~660 lines across 8 functions	15+	macro_defs + flags + lex_file_stack + lexeme_arena + state.N/A	N/A	N/A	dispatcher coupling; not eligible for atomic next migration without rewriting dispatcher
INV.PARSER.TOPLEVEL	parser	Top-level definition parsing loop + parser entry	src/parser.c	parseToplevelDef + parseToAst	LEGACY_C_AUTHORITY	YES	YES	NONE	N/A	N/A	N/A	N/A	YES (BLOCKS_NEXT_SELFHOST_STAGE because parser.toplevel is the entry point that downstream consumers must continue to call; parser-type, parser-decl, parser-statement, parser-expression all depend on its contract — migrating it first unblocks the rest)	YES (parseToplevelDef is a tight dispatch loop; the inner branches call into parseFunctionOrDef/parseClassDef/parseUnionDef/parseAsmFunctionBinding which are independently defined; a single-function atomic slice is achievable by replacing just the top-level loop with a PolyC subject that dispatches to the legacy C inner branches)	~150 lines (parseToplevelDef body)	5	Cctrl *cc + token loop	none (no production differential for parser exists yet)	N/A	large but bounded	strong candidate for next migration IF atomic slice can be made; high R1 leverage
INV.PARSER.COMPOUND	parser	Compound statement body parsing	src/parser.c	parseCompoundStatementInternal + parseCompoundStatement	LEGACY_C_AUTHORITY	YES	YES	NONE	N/A	N/A	N/A	N/A	YES (UNLOCKS_MULTIPLE_FOLLOWING_SURFACES — every statement, every control-flow construct eventually calls into compound; migrating compound body first unblocks statement-level migrations and expression migrations downstream)	YES (parseCompoundStatementInternal is a single function with a tight cursor loop; ~260 lines; entry symbol clear; behavior observable through resulting Ast)	~260 lines	6	Cctrl *cc + body Ast + token loop	none (no production differential for parser exists yet)	N/A	coupled to parseStatement dispatch but the slice itself is bounded	strong candidate; the smallest parser-region atomic slice is parseCompoundStatementInternal — same shape as LEXER04's lexLink
INV.PARSER.DECL	parser	Declaration parsing family (function/class/union/extern/asm/variable/typedef)	src/parser.c + src/prslib.c + src/prsutil.c + src/prsasm.c	parseDecl + parseDeclInternal + parseClassDef + parseUnionDef + parseFunctionDef + parseExternFunctionProto + parseFunctionOrDef + parseAsmFunctionBinding + parseVariableAssignment + parseVariableInitialiser + parseDeclArrayInitInt + parseBaseDeclSpec + parseDeclSpec + parseFullType + parseParams + parseFunctionPointerType + parseFunctionPointer + parseClassOrUnion + parseClassOrUnionFields + parseClassOffsets + parseUnionOffsets + parseTypeCheckClassFieldInitaliser + parseFoldInitElement + parseRegModifier + ClsFieldNew + CalcUnionSize + CalcClassSize + CalcPadding + parseFlattenAnnonymous + parseDefaultFunctionParam + parseFlattenDefaultArgs + parsePromoteVarargFloats + parseCoerceArgs + parseFunctionArgumentCheck + findFunctionDecl + parseGetFunctionParams + parseArgv + parseInlineFunctionCall + parseFunctionArguments + parseIdentifierOrFunction + parseFunctionCallInternal + parseCountPrintfFormatSpecs + parseFormatArgIdx + parsePeekArgAt + parsePrintfFormatCheck + prsAsm + prsAsmTasmArch + prsAsmCreateErrorLineAt + prsAsmDiagSink	LEGACY_C_AUTHORITY	YES	YES	NONE	N/A	N/A	N/A	N/A	YES (UNLOCKS_MULTIPLE_FOLLOWING_SURFACES — declarations are how the parser's symbol table is populated; migrating any one declaration type touches the symbol-table pathway)	NO (this is a multi-region rewrite spanning four files with deeply shared mutable Cctrl state; no single bounded slice exists)	~3500 lines	30+	Cctrl + Ast + AstType + Map + List + Vec + every parser helper	none	N/A	N/A	huge region; not eligible for atomic next migration	cannot be reduced to one bounded slice
INV.PARSER.STMT	parser	Statement parsing family (if/for/while/switch/try/throw/return)	src/parser.c	parseStatement + parseIfStatement + parseForStatement + parseWhileStatement + parseDoWhileStatement + parseBreakStatement + parseContinueStatement + parseReturnStatement + parseTryStatement + parseThrowStatement + parseSwitchStatement + parseCaseLabel + parseDefaultStatement + parseIfClause + parseForLoopInitialiser + parseRangeLoop + parseCreateForRange + parseDesugarArrayLoop + parseOptDeclOrStmt + parseOptExpr + parseAssertContainerHasFields + parseValidPostControlFlowToken + parseRaiseCaseException + createFunctionLevelGotoLabel	LEGACY_C_AUTHORITY	YES	YES	NONE	N/A	N/A	N/A	N/A	YES (UNLOCKS_MULTIPLE_FOLLOWING_SURFACES — every compound body invokes statement dispatch)	NO (coupled to parseCompoundStatement; cannot be isolated from compound body migration)	~920 lines	25+	Cctrl + Ast + token loop	none	N/A	N/A	large; not atomic without compound first	gated behind compound-statement migration
INV.PARSER.EXPR	parser	Expression parsing family (Pratt + binop + postfix + unary + subscript + sizeof + const-eval)	src/prslib.c + src/prsutil.c	parseExpr + parsePrimary + parsePostFixExpr + parseUnaryExpr + parseSubscriptExpr + parseGetClassField + parseIdentifierOrFunction + parseCompoundAssign + parseFunctionArguments + parseArgv + parseInlineFunctionCall + parseCreateBinaryOp + parseSizeof + parseAlignof + parseTypeof + parseFloatingCharConst + parseAssignAuto + parseReturnAuto + parsePointerType + parseGetPriority + parseArrayDimensions + parseArrayDimensionsInternal + astBinOpToTokenPunct + parseIsFunctionCall + parseIsKeyword + parseGetType + astIsArithmetic + astCanEval + evalFloatExpr* + evalIntConstExpr* + evalOneIntExprOrErr + assertIsFloat + assertIsInt + assertIsFloatOrInt + assertIsPointer + assertLValue + evalClassRef + typeCheckWarn + typeCheckReturnTypeWarn + assertionTerminatorMessage + assertTokenIsTerminator* + assertUniqueSwitchCaseLabels + align	LEGACY_C_AUTHORITY	YES	YES	NONE	N/A	N/A	N/A	N/A	YES (UNLOCKS_MULTIPLE_FOLLOWING_SURFACES — every expression in every statement routes through Pratt parseExpr)	NO (the const-eval family is internally tight; the parsing family is split across two files with shared Map + Lexeme + Ast handles; no single bounded slice exists at the parsing layer; the const-eval family has small atomic slices (e.g. evalIntConstExpr is a single function) but is not a migration target because const-eval is internal to the parser)	~2300 lines	35+	Cctrl + Ast + AstType + Map + List + Vec + Lexeme + token loop	none	N/A	N/A	large region; not atomic at parsing layer	gated behind parser/compound or parser/decl migration
INV.LSP	server	LSP language server (semantic completion + occurrence tracking)	src/lsp.c	lspRun + lspScanMapForSuggestion + lspOccurrenceRelease	LEGACY_NON_POLYC_AUTHORITY	YES	NO	NONE	N/A	N/A	N/A	N/A	NO (does not block compiler self-host progression; LSP is a separate tool)	NO (not production compiler semantic authority)	~500 lines (lsp.c)	3	cc + token stream	N/A	N/A	not a compiler surface	excluded from candidates
INV.TRANSPILE	transpiler	PolyC -> C transpiler (emit C source from AST)	src/transpiler.c	transpileAstInternal + transpileInitMaps + transpileBinaryOp + transpileUnary + ~10 transpile* helpers	LEGACY_NON_POLYC_AUTHORITY	YES	NO	NONE	N/A	N/A	N/A	N/A	NO (does not block compiler self-host progression; transpiler is a backend target, not a self-host migration target)	NO (not production compiler semantic authority)	~1000 lines (transpiler.c)	4	Ast + AstType + AoStr + Map	N/A	N/A	transpiler-only	excluded from candidates
INV.MAIN.DRIVER	driver	Compiler entry point + CLI parsing + lib handling + asm invocation + system() calls	src/main.c + src/cli.c	main + cliArgsInit + cliParseArgs + hccLibInit + writeAsmToTmp + emitFile + assemble + safeSystem	LEGACY_C_AUTHORITY	YES	NO (orchestration)	NONE	N/A	N/A	N/A	N/A	NO (does not block compiler self-host progression; driver is a CLI harness, not a compiler semantic authority)	NO (not a compiler semantic authority)	~600 lines (main.c) + ~700 lines (cli.c)	5	cli_args + file I/O + system()	N/A	N/A	CLI/orchestration; not a compiler surface	excluded from candidates
INV.JIT.X86	x86_64/aarch64 JIT runner (REPL only)	src/x86_64-jit.c + src/aarch64-jit.c + src/jit-common.c	x86_64_jit_run + aarch64_jit_run	LEGACY_C_AUTHORITY	YES (REPL only)	NO	NONE	N/A	N/A	N/A	REPL smoke	NO (does not block compiler self-host progression; JIT is REPL-only, not in self-host compile path)	NO (REPL-only path; not in compile pipeline)	~3000 lines (x86_64-jit.c + aarch64-jit.c)	4	codegen + REPL state	N/A	N/A	REPL smoke	excluded from candidates (REPL-only)
INV.MEM.ARENA	memory	Arenas + pools + lifetime tracking + leak/safety diagnostics	src/arena.c + src/mempool.c + src/memory.c + src/memsafe.c	ArenaAllocate + MemoryInit/Release + ArenaRelease + MempoolAllocate	LEGACY_C_AUTHORITY	YES	NO (plumbing)	NONE	N/A	N/A	N/A	N/A	NO (does not block compiler self-host progression; memory allocator is a runtime support surface)	NO (memory allocator; not a compiler semantic authority)	~1500 lines	3	mempool + arena + leak tracker	N/A	N/A	plumbing	excluded from candidates
INV.DIAG.PRINT	diagnostics	Diagnostic emission + severity tracking (overlaps INV.CCTRL.SCOPE)	src/cctrl.c	cctrlInfo + cctrlWarning + cctrlWarningAt + cctrlRaiseException + cctrlRaiseSuggestion + cctrlIce + cctrlDiagPush/Flush/Clear	LEGACY_C_AUTHORITY	YES	YES	NONE	N/A	N/A	N/A	N/A	YES (UNLOCKS_MULTIPLE_FOLLOWING_SURFACES — diagnostics are shared across lexer, parser, codegen; migrating diag is valuable)	NO (not bounded; tightly coupled to Cctrl state)	~100 lines (cctrl.c diagnostic functions)	6	Cctrl + token stream + file context	N/A	N/A	coupled to Cctrl state	excluded due to coupling
INV.UTIL.MISC	utility	Misc utility (inline/macro helpers)	src/util.h	macros + small inline helpers	LEGACY_C_AUTHORITY	YES	NO	NONE	N/A	N/A	N/A	N/A	NO (does not block compiler self-host progression; util.h is mostly inline/macro)	NO (util header; not a compiler semantic authority)	~200 lines (util.h)	2	macros	N/A	N/A	utility	excluded from candidates
INV.LIBTOS	library	HolyC runtime library (aostr, list, math, io, hashtable, etc.)	src/holyc-lib/* + src/holyc-lib/libtos.*	runtime functions (aostr, list, math, io, hashtable, etc.)	LEGACY_NON_POLYC_AUTHORITY (mixed POLYC + C)	YES	NO (runtime, not compiler)	N/A	N/A	N/A	N/A	N/A	N/A	N/A (runtime library, not compiler surface)	~8000 lines	8	runtime helpers	N/A	N/A	N/A	runtime library	excluded from candidates
INV.BUILD.ORCH	build-orch	Build orchestration (make targets + dispatch)	Makefile + src/CMakeLists.txt + scripts/quality/*	make targets	BUILD_ORCHESTRATION	YES	NO	N/A	N/A	N/A	N/A	N/A	N/A	N/A	~1500 lines	5	N/A	N/A	N/A	N/A	build orchestration	excluded from candidates
INV.QA.ORCH	quality-tooling	Quality tooling and bootstrap oracles	scripts/quality/* + tools/quality/*.HC + tools/quality/*.c	verification harnesses	QUALITY_TOOLING	YES	NO (tooling, not compiler)	N/A	N/A	N/A	N/A	N/A	N/A	N/A	~5000 lines	6	N/A	N/A	N/A	N/A	quality tooling	excluded from candidates
