path	baseline_loc	budget_loc	state	role	migration_priority	notes
scripts/quality/llvm-gep01-test.sh	232	0	MIGRATED	TEST	SKIP	migrated to PolyC harness by ACT-POLYC-TOOLING-MIGRATE-GEP01; budget=0 forever
scripts/quality/llvm-spike-test.sh	830	830	GRANDFATHERED	TEST	HIGH	scripts/quality track; migration candidate
scripts/quality/gate-push.sh	480	480	GRANDFATHERED	GATE	HIGH	scripts/quality track; migration candidate
scripts/quality/factory-v2-test.sh	465	465	GRANDFATHERED	FACTORY	HIGH	scripts/quality track; migration candidate
scripts/quality/native-x86-float-cmp-parity01-test.sh	438	438	GRANDFATHERED	TEST	HIGH	scripts/quality track; migration candidate
scripts/quality/llvm-memory01-test.sh	382	382	GRANDFATHERED	TEST	HIGH	scripts/quality track; migration candidate
scripts/quality/factory-append-only-test.sh	373	373	GRANDFATHERED	FACTORY	HIGH	scripts/quality track; migration candidate
scripts/quality/llvm-float01-test.sh	371	371	GRANDFATHERED	TEST	HIGH	scripts/quality track; migration candidate
scripts/quality/llvm-spike-contract-check.sh	362	362	GRANDFATHERED	OTHER	MEDIUM	scripts/quality track; migration candidate
evidence/factory-status-reconciliation/n1-n15/run.sh	352	352	GRANDFATHERED	EVIDENCE	SKIP	historical ACT evidence; immutable under F14
scripts/quality/factory-closure-status-check.sh	352	352	GRANDFATHERED	FACTORY	MEDIUM	scripts/quality track; migration candidate
evidence/ACT-POLYC-LLVM-LOCAL-MEM2REG01-CORRECTION02/c4/red-p03-option-w-proof/validate.sh	345	345	GRANDFATHERED	EVIDENCE	SKIP	historical ACT evidence; immutable under F14
evidence/factory-status-reconciliation-correction02/n1-n19/run.sh	335	335	GRANDFATHERED	EVIDENCE	SKIP	historical ACT evidence; immutable under F14
evidence/factory-status-reconciliation-correction01/n1-n18/run.sh	330	330	GRANDFATHERED	EVIDENCE	SKIP	historical ACT evidence; immutable under F14
evidence/ACT-POLYC-LLVM-LOCAL-MEM2REG01-CORRECTION02/c6.3/capture.sh	321	321	GRANDFATHERED	EVIDENCE	SKIP	historical ACT evidence; immutable under F14
evidence/ACT-POLYC-LLVM-LOCAL-MEM2REG01-CORRECTION02/c6.2/capture.sh	276	276	GRANDFATHERED	EVIDENCE	SKIP	historical ACT evidence; immutable under F14
scripts/quality/gate-fast.sh	250	250	GRANDFATHERED	GATE	HIGH	scripts/quality track; migration candidate
scripts/quality/factory-v2-range-check.sh	249	249	GRANDFATHERED	FACTORY	MEDIUM	scripts/quality track; migration candidate
scripts/quality/llvm-byte-memory01-test.sh	235	235	GRANDFATHERED	TEST	HIGH	scripts/quality track; migration candidate
scripts/quality/llvm-intops01-test.sh	230	230	GRANDFATHERED	TEST	HIGH	scripts/quality track; migration candidate
scripts/quality/factory-v2-commit-msg-check.sh	218	218	GRANDFATHERED	FACTORY	MEDIUM	scripts/quality track; migration candidate
scripts/quality/llvm-memory01-red-test.sh	194	194	GRANDFATHERED	TEST	HIGH	scripts/quality track; migration candidate
scripts/quality/factory-halt-classification-check.sh	187	187	GRANDFATHERED	FACTORY	MEDIUM	scripts/quality track; migration candidate
scripts/quality/factory-halt-classification-test.sh	182	182	GRANDFATHERED	FACTORY	HIGH	scripts/quality track; migration candidate
scripts/quality/ir-return-slot-forwarding01-test.sh	171	171	GRANDFATHERED	TEST	HIGH	scripts/quality track; migration candidate
scripts/quality/llvm-memory01-nc5-probe.sh	155	155	GRANDFATHERED	TEST	MEDIUM	scripts/quality track; migration candidate
evidence/ACT-POLYC-LLVM-LOCAL-MEM2REG01-CORRECTION02/c6.1/capture.sh	137	137	GRANDFATHERED	EVIDENCE	SKIP	historical ACT evidence; immutable under F14
packaging/install.sh	130	130	GRANDFATHERED	INSTALL	MEDIUM	installer; migration candidate
scripts/quality/harness-evidence-isolation-test.sh	123	123	GRANDFATHERED	TEST	HIGH	scripts/quality track; migration candidate
evidence/llvmspike01-resume01-correction01-resume01-correction02/identity.sh	120	120	GRANDFATHERED	EVIDENCE	SKIP	historical ACT evidence; immutable under F14
evidence/ACT-POLYC-LLVM-LOCAL-MEM2REG01-CORRECTION02/c6.3/validate.sh	96	96	GRANDFATHERED	EVIDENCE	SKIP	historical ACT evidence; immutable under F14
evidence/ACT-POLYC-LLVM-LOCAL-MEM2REG01/capi/run_capi_probes.sh	95	95	GRANDFATHERED	EVIDENCE	SKIP	historical ACT evidence; immutable under F14
evidence/factory-status-reconciliation-correction03/closure-run.sh	91	91	GRANDFATHERED	EVIDENCE	SKIP	historical ACT evidence; immutable under F14
src/asm/test_jit_ir.sh	90	90	GRANDFATHERED	TEST	SKIP	compiler-dev convenience; not a Track-B target
evidence/ACT-POLYC-LLVM-LOCAL-MEM2REG01-CORRECTION02/c6.2/validate.sh	77	77	GRANDFATHERED	EVIDENCE	SKIP	historical ACT evidence; immutable under F14
evidence/ACT-POLYC-LLVM-LOCAL-MEM2REG01-CORRECTION02/c3/capture-neutral-ir.sh	69	69	GRANDFATHERED	EVIDENCE	SKIP	historical ACT evidence; immutable under F14
evidence/factory-status-reconciliation-correction02/closure-run.sh	64	64	GRANDFATHERED	EVIDENCE	SKIP	historical ACT evidence; immutable under F14
scripts/install-git-hooks.sh	47	47	TINY	INSTALL	SKIP	tiny wrapper at <=50 LOC; ratchet-locked
scripts/quality/shell-budget-gate-test.sh	42	42	TINY	TEST	SKIP	tiny wrapper at <=50 LOC; ratchet-locked
evidence/ACT-POLYC-LLVM-LOCAL-MEM2REG01-CORRECTION02/c3/derive-case-b-opcode-set.sh	40	40	TINY	EVIDENCE	SKIP	tiny wrapper at <=50 LOC; ratchet-locked
scripts/quality/shell-budget-gate.sh	38	38	TINY	GATE	SKIP	tiny wrapper at <=50 LOC; ratchet-locked
scripts/quality/shell-loc-gate.sh	26	26	TINY	GATE	SKIP	tiny wrapper at <=50 LOC; ratchet-locked
scripts/quality/llvm-closure-status-check.sh	21	21	TINY	OTHER	SKIP	tiny wrapper at <=50 LOC; ratchet-locked
scripts/quality/inventory.sh	19	19	TINY	TOOL	SKIP	tiny wrapper at <=50 LOC; ratchet-locked
evidence/smoke/run_repl.sh	11	11	TINY	TOOL	SKIP	tiny wrapper at <=50 LOC; ratchet-locked
scripts/quality/formal-dafny.sh	48	50	TINY	GATE	LOW	opt-in Dafny 4.11.0 formal gate; ACT-POLYC2-DAFNY-PROOF-MVP01; POSIX /bin/sh (verified under dash)
