generation	compiler_path	compiler_role	build_label	expected_linkage
G0	./hcc	legacy control	stage0	NO_HCC_USE_SELFHOST_COMPONENTS
G1	./build/hcc-bootstrap02	migrated PolyC implementation	stage1	HCC_USE_SELFHOST_COMPONENTS=1
G2	./build/hcc-bootstrap03	migrated PolyC implementation	stage2	HCC_USE_SELFHOST_COMPONENTS=1
G3	./build/hcc-bootstrap04	migrated PolyC implementation	stage3	HCC_USE_SELFHOST_COMPONENTS=1

GENERATION_ROWS=4
GENERATION_BUILD_FAIL_EXPECTED=0
GENERATION_LINK_FAIL_EXPECTED=0
GENERATION_RUN_FAIL_EXPECTED=0
